"year"	"country"	"fdi"	"population"	"arms_exports"	"conflict"	"alliance"	"km_dist"	"gdp"	"gdp_perc_growth"	"regime_type"
2005	"Afghanistan"	0	24118979	0	1	0	11132	5285465685.86423	0.153114291084542	"conflict/occupied"
2006	"Afghanistan"	0	25070798	19	1	0	11132	6275073571.54659	0.187231919474764	"conflict/occupied"
2007	"Afghanistan"	0	25893450	0	1	0	11132	7057598406.61553	0.124703690904468	"conflict/occupied"
2008	"Afghanistan"	0	26616792	22	1	0	11132	9843842455.48323	0.394786425684972	"conflict/occupied"
2009	"Afghanistan"	-1e+06	27294031	78	1	0	11132	10190529882.4878	0.0352187094188467	"conflict/occupied"
2010	"Afghanistan"	-1e+06	28004331	280	1	0	11132	12486943505.7381	0.225347813090332	"conflict/occupied"
2006	"Albania"	0	3111005	0	0	0	7777	5746945912.58082	0.295793461407663	"democracy"
2007	"Albania"	0	3054331	0	0	0	7777	8992642348.7871	0.102235539808165	"democracy"
2008	"Albania"	0	3023907	0	0	0	7777	10701011896.7708	0.18997414572082	"democracy"
2009	"Albania"	0	2991651	0	0	0	7777	12881352687.7773	0.203750898703743	"democracy"
2010	"Albania"	0	2962635	0	0	0	7777	12044212903.8168	-0.0649884995971608	"democracy"
2004	"Algeria"	-2.05e+08	32403514	0	1	0	6824	67863829880.4832	0.195621641601641	"closed anocracy"
2005	"Algeria"	1.079e+09	32831096	0	1	0	6824	85324998813.604	0.257297134038443	"open anocracy"
2006	"Algeria"	1.781e+09	33288437	0	1	0	6824	103198228458.588	0.209472369100512	"open anocracy"
2007	"Algeria"	1.117e+09	33777915	0	1	0	6824	117027304746.54	0.134004977551542	"open anocracy"
2008	"Algeria"	-4.01e+08	34300076	0	1	0	6824	134977087734.008	0.153381153452555	"open anocracy"
2009	"Algeria"	5.78e+08	34860715	0	1	0	6824	171000691877.714	0.266886808335173	"open anocracy"
2010	"Algeria"	7.15e+08	35465760	0	1	0	6824	137211039898.193	-0.197599504472676	"open anocracy"
2004	"Angola"	-2.2e+07	18203369	0	0	0	10578	14188949398.3752	0.135356833160242	"closed anocracy"
2005	"Angola"	9.8e+07	18865716	0	1	0	10578	19640853733.598	0.384235941798982	"closed anocracy"
2006	"Angola"	2.8e+08	19552542	0	0	0	10578	28233712737.97	0.437499261535302	"closed anocracy"
2007	"Angola"	-9.9e+07	20262399	0	0	0	10578	41789479931.7142	0.480126978678004	"closed anocracy"
2008	"Angola"	7.89e+08	20997687	0	1	0	10578	60448924661.7935	0.446510575402461	"closed anocracy"
2009	"Angola"	5.4e+07	21759420	0	0	0	10578	84178035578.8223	0.392548106517876	"closed anocracy"
2010	"Angola"	1.974e+09	22549547	0	1	0	10578	75492385928.3332	-0.103181900014239	"closed anocracy"
2004	"Argentina"	1.76e+09	38309379	11	0	1	8318	127586973492.177	0.305584789212609	"democracy"
2005	"Argentina"	8.59e+08	38728696	19	0	1	8318	164657930452.787	0.290554403368483	"democracy"
2006	"Argentina"	4.274e+09	39145488	3	0	1	8318	198737095012.282	0.206969469771556	"democracy"
2007	"Argentina"	5.47e+08	39558890	9	0	1	8318	232557260817.308	0.170175405869427	"democracy"
2008	"Argentina"	1.542e+09	39970224	15	0	1	8318	287530508430.568	0.236385857917572	"democracy"
2009	"Argentina"	1.209e+09	40382389	17	0	1	8318	361558037110.419	0.257459735608289	"democracy"
2010	"Argentina"	-2.772e+09	40799407	8	0	1	8318	332976484577.619	-0.0790510778331039	"democracy"
2004	"Armenia"	1e+06	3017806	0	0	0	9418	2807061008.69084	0.181256410193981	"open anocracy"
2005	"Armenia"	1e+06	3000612	0	0	0	9418	3576615240.41616	0.274149450027175	"open anocracy"
2006	"Armenia"	1e+06	2981259	0	0	0	9418	4900469950.09033	0.37014177390804	"open anocracy"
2007	"Armenia"	1e+06	2958500	0	0	0	9418	6384451606.1421	0.302824355860894	"open anocracy"
2008	"Armenia"	1e+06	2933056	0	0	0	9418	9206301700.39619	0.44198785868145	"open anocracy"
2009	"Armenia"	1e+06	2908220	0	0	0	9418	11662040713.8753	0.266745441698204	"open anocracy"
2010	"Armenia"	0	2888584	0	0	0	9418	8647936747.98704	-0.258454248260524	"open anocracy"
2004	"Australia"	0	19696972	165	0	1	15923	466294700058.241	0.182028920954648	"full democracy"
2005	"Australia"	0	19948429	114	0	1	15923	611904253805.662	0.312269373272383	"full democracy"
2006	"Australia"	1.473e+09	20238903	101	0	1	15923	692641708013.833	0.131944587255334	"full democracy"
2007	"Australia"	1.0122e+10	20573606	348	0	1	15923	745521862833.184	0.0763456116019725	"full democracy"
2008	"Australia"	1.0158e+10	20946664	574	0	1	15923	851962785585.303	0.142773710683165	"full democracy"
2009	"Australia"	4.453e+09	21342493	320	0	1	15923	1052584601611.46	0.235481900642325	"full democracy"
2010	"Australia"	1.9877e+10	21739040	610	0	1	15923	926448240318.068	-0.119834891276466	"full democracy"
2004	"Austria"	4.4e+07	8175852	0	0	0	7130	261695778781.038	0.226443490044165	"full democracy"
2005	"Austria"	-7.685e+09	8216805	0	0	0	7130	300904221504.842	0.149824513434777	"full democracy"
2006	"Austria"	1.085e+09	8253650	0	0	0	7130	315974418604.651	0.0500830364706815	"full democracy"
2007	"Austria"	1.079e+09	8284735	0	0	0	7130	335998557270.104	0.0633726576786816	"full democracy"
2008	"Austria"	1.327e+09	8311783	0	0	0	7130	388691445387.353	0.15682474515773	"full democracy"
2009	"Austria"	1.942e+09	8338453	0	0	0	7130	430294287388.311	0.107033078537395	"full democracy"
2010	"Austria"	1.273e+09	8370038	0	0	0	7130	400172297860.517	-0.0700032289775925	"full democracy"
2004	"Azerbaijan"	8.64e+08	8361359	0	0	0	9708	7276013031.96905	0.166814000580675	"autocracy"
2005	"Azerbaijan"	3.3e+08	8448882	0	0	0	9708	8680472168.51531	0.193025923727102	"autocracy"
2006	"Azerbaijan"	1.114e+09	8538606	0	1	0	9708	13245716099.0057	0.525921152889454	"autocracy"
2007	"Azerbaijan"	1.313e+09	8630195	0	0	0	9708	20982986344.3027	0.584133782384012	"autocracy"
2008	"Azerbaijan"	0	8724304	0	0	0	9708	33050343782.7759	0.575102001233953	"autocracy"
2009	"Azerbaijan"	0	8821908	0	1	0	9708	48852482960.0779	0.478123292186063	"autocracy"
2010	"Azerbaijan"	0	8924407	0	0	0	9708	44291490420.5026	-0.0933625532053822	"autocracy"
2004	"Bahrain"	2.7e+07	778711	1	0	0	10951	11074822074.4681	0.149776141819748	"autocracy"
2005	"Bahrain"	-4.5e+07	829848	0	0	0	10951	13150166755.3191	0.187393049468081	"autocracy"
2006	"Bahrain"	-1.02e+08	889168	63	0	0	10951	15968726861.7021	0.214336453584737	"autocracy"
2007	"Bahrain"	-8.5e+07	958414	3	0	0	10951	18505053191.4894	0.158830841791789	"autocracy"
2008	"Bahrain"	-1.9e+07	1035891	26	0	0	10951	2.173e+10	0.174273846994062	"autocracy"
2009	"Bahrain"	-3.21e+08	1114590	2	0	0	10951	25710877659.5745	0.183197315212816	"autocracy"
2010	"Bahrain"	1.18e+08	1185029	0	0	0	10951	22938218085.1064	-0.107839942734728	"autocracy"
2004	"Bangladesh"	-2e+06	139019001	0	0	0	13000	60158929188.2556	0.0993136394383863	"democracy"
2005	"Bangladesh"	1.03e+08	141307489	0	0	0	13000	65108544250.0425	0.082275650989366	"democracy"
2006	"Bangladesh"	1.74e+08	143431101	0	1	0	13000	69442943089.4309	0.0665718899003883	"democracy"
2007	"Bangladesh"	2.9e+07	145368004	0	1	0	13000	71819083683.7403	0.0342171643164566	"democracy"
2008	"Bangladesh"	2.8e+07	147139191	0	0	0	13000	79611888213.148	0.108506042262023	"autocracy"
2009	"Bangladesh"	2.3e+07	148805814	0	0	0	13000	91631278239.3237	0.150974814138257	"autocracy"
2010	"Bangladesh"	-2.6e+07	150454708	0	0	0	13000	102477791472.39	0.118371296804757	"open anocracy"
2004	"Belarus"	0	9740054	0	0	0	7500	17827791321.3067	0.221562774031226	"autocracy"
2005	"Belarus"	0	9676902	0	0	0	7500	23144351851.8519	0.298217565750344	"autocracy"
2006	"Belarus"	1e+06	9621543	0	0	0	7500	30207567316.6202	0.305180957755062	"autocracy"
2007	"Belarus"	1e+06	9575043	0	0	0	7500	36954312354.3124	0.223346188952466	"autocracy"
2008	"Belarus"	1e+06	9536864	0	0	0	7500	45277399813.6067	0.225226419571653	"autocracy"
2009	"Belarus"	2e+06	9507331	0	0	0	7500	60763483146.0674	0.342026781489489	"autocracy"
2010	"Belarus"	2e+06	9486239	0	0	0	7500	49209523809.5238	-0.190146429044718	"autocracy"
2004	"Belgium"	6.367e+09	10419032	21	0	1	6246	319002821670.429	0.232335175589337	"full democracy"
2005	"Belgium"	7.697e+09	10480117	9	0	1	6246	370885026074	0.16263870059799	"full democracy"
2006	"Belgium"	3.864e+09	10546886	3	0	1	6246	387365750528.541	0.0444362087868512	"full democracy"
2007	"Belgium"	7.562e+09	10619567	3	0	1	6246	409813197842.178	0.0579489727292838	"full democracy"
2008	"Belgium"	4.415e+09	10697835	4	0	1	6246	471821105940.323	0.151307738317458	"democracy"
2009	"Belgium"	4.679e+09	10779173	6	0	1	6246	518625897172.99	0.0992002914735802	"democracy"
2010	"Belgium"	3.846e+09	10860290	12	0	1	6246	484552792442.345	-0.0656988108699859	"democracy"
2004	"Benin"	5.2e+07	7520555	0	0	0	8686	3905366187.87017	0.278531775305068	"democracy"
2005	"Benin"	-4.1e+07	7750004	0	0	0	8686	4521424807.22519	0.157746697676766	"democracy"
2006	"Benin"	6e+06	7982225	0	0	0	8686	4803702821.08056	0.0624312082784816	"democracy"
2007	"Benin"	-8e+06	8216896	0	0	0	8686	5142380779.44103	0.070503520091671	"democracy"
2008	"Benin"	2e+06	8454791	0	0	0	8686	5969535131.58016	0.16085046744225	"democracy"
2009	"Benin"	-1e+07	8696916	0	0	0	8686	7132787396.66547	0.194864799259066	"democracy"
2010	"Benin"	0	8944706	0	0	0	8686	7097198711.61023	-0.00498944985685079	"democracy"
2006	"Bhutan"	0	623434	0	0	0	12551	622026107.771576	0.158227265425016	"autocracy"
2007	"Bhutan"	0	672228	0	0	0	12551	897731524.929922	0.0963064492962352	"closed anocracy"
2008	"Bhutan"	0	686958	0	0	0	12551	1196091805.02316	0.332349117534363	"closed anocracy"
2009	"Bhutan"	0	700950	0	0	0	12551	1258332337.28382	0.0520365844822879	"open anocracy"
2010	"Bhutan"	0	714458	0	0	0	12551	1264758197.96593	0.00510664829291493	"open anocracy"
2004	"Bolivia"	-1.39e+08	8810420	0	0	1	6170	8082364868.39357	0.0223743122615196	"democracy"
2005	"Bolivia"	-1.8e+07	8967741	0	0	1	6170	8773451738.91129	0.0855055273760584	"democracy"
2006	"Bolivia"	-1.1e+07	9125409	0	0	1	6170	9549077869.1065	0.0884060405501769	"democracy"
2007	"Bolivia"	2.4e+07	9283334	0	0	1	6170	11451869164.7112	0.199264402457192	"democracy"
2008	"Bolivia"	7.3e+07	9441444	0	0	1	6170	13120183156.7149	0.145680497044499	"democracy"
2009	"Bolivia"	1.61e+08	9599855	0	0	1	6170	16674324634.2373	0.270891148017503	"democracy"
2010	"Bolivia"	7e+07	9758748	0	0	1	6170	17339992165.2422	0.0399217087112534	"democracy"
2004	"Botswana"	3e+06	1804339	0	0	0	12730	7511582173.37724	0.381095701903082	"democracy"
2005	"Botswana"	0	1829330	0	0	0	12730	8957467706.5354	0.192487481303567	"democracy"
2006	"Botswana"	0	1855852	0	0	0	12730	9931134940.51346	0.108698938793569	"democracy"
2007	"Botswana"	0	1884238	0	0	0	12730	10126940513.3125	0.0197163339308041	"democracy"
2008	"Botswana"	2e+06	1914414	0	0	0	12730	10939053365.4786	0.080193307257856	"democracy"
2009	"Botswana"	1.5e+07	1946351	0	0	0	12730	10945070441.9283	0.000550054584127907	"democracy"
2010	"Botswana"	3e+06	1979882	2	0	0	12730	10267133177.7334	-0.0619399635472297	"democracy"
2004	"Brazil"	2.644e+09	182482149	8	0	1	6722	558319920831.979	0.0991361258977326	"democracy"
2005	"Brazil"	1.4e+09	184738458	20	0	1	6722	669316654017.094	0.198804894906335	"democracy"
2006	"Brazil"	2.23e+08	186917361	18	0	1	6722	891630175813.342	0.332149992775423	"democracy"
2007	"Brazil"	5.585e+09	189012412	18	0	1	6722	1107640297889.95	0.242264257016161	"democracy"
2008	"Brazil"	3.825e+09	191026637	19	0	1	6722	1397084345950.39	0.261315924142368	"democracy"
2009	"Brazil"	3.5e+09	192979029	33	0	1	6722	1695824571927.15	0.213831202706331	"democracy"
2010	"Brazil"	9.643e+09	194895996	0	0	1	6722	1667019780934.28	-0.0169857138938233	"democracy"
2004	"Bulgaria"	1.35e+08	7803881	0	0	0	7952	20982685981.4163	0.289143375576129	"democracy"
2005	"Bulgaria"	1e+06	7743264	0	0	0	7952	25957970922.4811	0.237113825440234	"democracy"
2006	"Bulgaria"	-1.08e+08	7683763	0	0	0	7952	29636617749.8253	0.141715499964532	"democracy"
2007	"Bulgaria"	4.09e+08	7624959	0	0	0	7952	34130122490.8613	0.151620025569972	"democracy"
2008	"Bulgaria"	-7.6e+07	7566949	3	0	0	7952	44411476557.0329	0.301239881835307	"democracy"
2009	"Bulgaria"	1.1e+08	7510331	5	0	0	7952	54409138498.3548	0.225114378453123	"democracy"
2010	"Bulgaria"	4.8e+07	7456030	0	0	0	7952	51884481410.3931	-0.0464013428192406	"democracy"
2004	"Burkina Faso"	-3e+06	12654621	0	0	0	7917	4205691222.11396	0.311985693096153	"closed anocracy"
2005	"Burkina Faso"	0	13030569	0	0	0	7917	4838551099.70985	0.150477018918614	"closed anocracy"
2006	"Burkina Faso"	0	13421930	0	0	0	7917	5462709498.45119	0.128996963322092	"closed anocracy"
2007	"Burkina Faso"	0	13829177	0	0	0	7917	5816310157.71765	0.0647299036067568	"closed anocracy"
2008	"Burkina Faso"	0	14252021	0	0	0	7917	6771277870.96412	0.164187893587367	"closed anocracy"
2009	"Burkina Faso"	0	14689726	0	0	0	7917	8369637065.40255	0.236049860144175	"closed anocracy"
2010	"Burkina Faso"	0	15141099	0	0	0	7917	8369175126.25316	-5.51922557429376e-05	"closed anocracy"
2006	"Burundi"	0	7182451	0	1	0	11623	915257323.3961	0.166446394545269	"open anocracy"
2007	"Burundi"	0	7675338	0	1	0	11623	1273180597.02711	0.139559007966661	"democracy"
2008	"Burundi"	0	7939573	0	0	0	11623	1356078278.18821	0.0651107009914123	"democracy"
2009	"Burundi"	0	8212264	0	1	0	11623	1611634331.64869	0.18845228743131	"democracy"
2010	"Burundi"	0	8489031	0	0	0	11623	1739781488.7457	0.0795137920435812	"democracy"
2004	"Cambodia"	1e+06	12853124	0	0	0	14454	4658246918.27092	0.0873519952676855	"open anocracy"
2006	"Cambodia"	0	13063377	0	0	0	14454	5337833248.03924	0.145888859412496	"open anocracy"
2007	"Cambodia"	0	13474489	0	0	0	14454	7274595706.67154	0.155973676276527	"open anocracy"
2008	"Cambodia"	0	13676693	0	0	0	14454	8639235842.18075	0.187589824992982	"open anocracy"
2009	"Cambodia"	4e+06	13880509	0	0	0	14454	10351914093.1723	0.198244182966908	"open anocracy"
2010	"Cambodia"	6e+06	14090208	0	0	0	14454	10401851850.6108	0.00482401196426431	"open anocracy"
2004	"Cameroon"	-3.2e+07	16513822	0	0	0	9657	14548845764.5325	0.256448284998759	"closed anocracy"
2005	"Cameroon"	3.6e+07	16959081	0	0	0	9657	17430933517.2998	0.198097347336881	"closed anocracy"
2006	"Cameroon"	-1.1e+07	17420795	0	0	0	9657	17944084201.4901	0.0294390821742857	"closed anocracy"
2007	"Cameroon"	-5.2e+07	17899562	0	0	0	9657	19356046327.8995	0.0786867755720935	"closed anocracy"
2008	"Cameroon"	2e+06	18395389	0	0	0	9657	22365265025.66	0.155466599262219	"closed anocracy"
2009	"Cameroon"	-5e+07	18907008	0	0	0	9657	26409781215.1844	0.180839180080543	"closed anocracy"
2010	"Cameroon"	4.8e+07	19432541	0	0	0	9657	26017925551.8426	-0.0148375202410423	"closed anocracy"
2004	"Canada"	2.4005e+10	31627806	57	0	1	731	892380986367.854	0.177360231356182	"full democracy"
2005	"Canada"	1.3556e+10	31949417	71	0	1	731	1023196003074.56	0.146590994995474	"full democracy"
2006	"Canada"	-1.551e+09	32287980	96	0	1	731	1169357979864.66	0.142848463394016	"full democracy"
2007	"Canada"	2.2331e+10	32645483	68	0	1	731	1315415197461.21	0.124903767803812	"full democracy"
2008	"Canada"	1.2293e+10	33019932	409	0	1	731	1464977190205.75	0.113699456288174	"full democracy"
2009	"Canada"	1.4342e+10	33404548	359	0	1	731	1549131208997.19	0.0574439106315511	"full democracy"
2010	"Canada"	1.7594e+10	33789831	99	0	1	731	1371153004986.44	-0.11488904424433	"full democracy"
2006	"Central African Republic"	0	3981665	0	0	0	10209	1139754799.16304	0.149655784087572	"closed anocracy"
2007	"Central African Republic"	0	4201758	9	1	0	10209	1460561215.4447	0.0921207475366367	"closed anocracy"
2008	"Central African Republic"	0	4275800	0	0	0	10209	1697565948.65323	0.162269633550668	"closed anocracy"
2009	"Central African Republic"	1e+06	4345386	0	0	0	10209	1985240986.18508	0.169463246927213	"closed anocracy"
2010	"Central African Republic"	1e+06	4404230	0	1	0	10209	1981732633.92013	-0.00176721732493133	"closed anocracy"
2004	"Chad"	0	9353201	0	1	0	9338	2736666515.8294	0.376854417756087	"closed anocracy"
2005	"Chad"	0	9710043	0	0	0	9338	4414929219.99649	0.613250717418326	"closed anocracy"
2006	"Chad"	0	10067009	0	1	0	9338	6646663561.2656	0.505497196005078	"closed anocracy"
2007	"Chad"	0	10421597	1	1	0	9338	7422102655.98832	0.116665916301482	"closed anocracy"
2008	"Chad"	0	10775708	0	1	0	9338	8638711442.7705	0.16391699807609	"closed anocracy"
2009	"Chad"	0	11133861	0	1	0	9338	10351932604.4154	0.198319063322649	"closed anocracy"
2010	"Chad"	0	11502786	0	1	0	9338	9253484108.49701	-0.106110475975266	"closed anocracy"
2004	"Chile"	9.12e+08	15799542	8	0	1	8015	75643459839.6008	0.0846991464471287	"democracy"
2005	"Chile"	-4.25e+08	15973778	16	0	1	8015	99210392857.6116	0.311552817229455	"democracy"
2006	"Chile"	4.51e+08	16147064	0	0	1	8015	122964812046.073	0.23943478605668	"democracy"
2007	"Chile"	4.402e+09	16319792	254	0	1	8015	154788024805.808	0.258799344545912	"full democracy"
2008	"Chile"	3.099e+09	16491687	81	0	1	8015	173605968179.255	0.121572346420567	"full democracy"
2009	"Chile"	1.892e+09	16661942	0	0	1	8015	179638496278.574	0.0347483912136602	"full democracy"
2010	"Chile"	4.611e+09	16829442	30	0	1	8015	172389498444.621	-0.0403532538076451	"full democracy"
2004	"China"	4.499e+09	1306343911	0	0	0	11139	1660287965662.68	0.12902515972611	"autocracy"
2005	"China"	1.955e+09	1314007478	0	0	0	11139	1955347004963.27	0.177715580310685	"autocracy"
2006	"China"	4.226e+09	1321623490	0	0	0	11139	2285965892360.54	0.16908450855938	"autocracy"
2007	"China"	5.243e+09	1329209094	0	0	0	11139	2752131773355.16	0.20392512528402	"autocracy"
2008	"China"	1.5971e+10	1336800506	0	0	0	11139	3552182311652.97	0.2907021190059	"autocracy"
2009	"China"	-7.512e+09	1344415227	0	1	0	11139	4598206091384	0.294473562434996	"autocracy"
2010	"China"	5.42e+09	1352068091	0	0	0	11139	5109953609257.25	0.111292862412616	"autocracy"
2004	"Colombia"	2e+07	42152151	96	1	1	3808	94684584162.773	-0.0331736473919275	"democracy"
2005	"Colombia"	1.196e+09	42724163	0	1	1	3808	117074863821.85	0.236472281703067	"democracy"
2006	"Colombia"	8.55e+08	43285634	4	1	1	3808	146566264837.014	0.25190207404418	"democracy"
2007	"Colombia"	4.04e+08	43835722	27	1	1	3808	162590146096.414	0.10932857760426	"democracy"
2008	"Colombia"	1.9e+09	44374572	122	1	1	3808	207416494642.379	0.275701508499682	"democracy"
2009	"Colombia"	1.712e+09	44901544	16	1	1	3808	243982437870.84	0.176292359445698	"democracy"
2010	"Colombia"	2.38e+08	45416181	147	1	1	3808	233821670544.258	-0.0416454865163735	"democracy"
2006	"Comoros"	0	597228	0	0	0	13383	368143118.68996	0.159278523292529	"democracy"
2007	"Comoros"	0	626425	0	0	0	13383	406111873.539847	0.0676677582271399	"democracy"
2008	"Comoros"	0	641620	0	0	0	13383	462453582.873627	0.13873445472717	"democracy"
2009	"Comoros"	0	657229	0	0	0	13383	523134896.968654	0.131216010303047	"democracy"
2010	"Comoros"	0	673252	0	0	0	13383	524157261.014644	0.00195430289952786	"democracy"
2004	"Congo"	2.5e+07	3502519	0	0	0	10484	3495868808.0512	0.157574852943014	"closed anocracy"
2005	"Congo"	-5.7e+07	3605439	0	0	0	10484	4648628921.36969	0.329749248788631	"closed anocracy"
2006	"Congo"	1.34e+08	3718243	0	0	0	10484	6087003176.11624	0.309419030659634	"closed anocracy"
2007	"Congo"	-1.5e+07	3842365	0	0	0	10484	7731261310.93322	0.270126051727491	"closed anocracy"
2008	"Congo"	0	3976246	0	0	0	10484	8394688284.06224	0.0858109623316999	"closed anocracy"
2009	"Congo"	5.2e+07	4115435	0	0	0	10484	11859013280.9951	0.412680599887201	"closed anocracy"
2010	"Congo"	-6.6e+07	4253712	0	0	0	10484	9593537550.75063	-0.191034083238194	"closed anocracy"
2004	"Congo, the Democratic Republic of the"	2.1e+07	51390033	0	0	0	10484	8937567059.87754	0.0240063714354229	"open anocracy"
2005	"Congo, the Democratic Republic of the"	-1.5e+07	53034217	0	0	0	10484	10297483481.223	0.152157339042566	"open anocracy"
2006	"Congo, the Democratic Republic of the"	-1.8e+07	54751476	0	0	0	10484	11964484667.9102	0.161884327343365	"open anocracy"
2007	"Congo, the Democratic Republic of the"	0	56543011	0	0	0	10484	14451902467.9315	0.207900120152502	"open anocracy"
2008	"Congo, the Democratic Republic of the"	0	58417562	0	0	0	10484	16737071816.4195	0.158122389322703	"open anocracy"
2009	"Congo, the Democratic Republic of the"	0	60373608	0	0	0	10484	19788515873.9704	0.182316482298735	"open anocracy"
2010	"Congo, the Democratic Republic of the"	0	62409435	28	0	0	10484	18648373312.3884	-0.0576163755201941	"open anocracy"
2004	"Costa Rica"	2.91e+08	4125971	0	0	1	3282	17195867540.353	0.0418709876791216	"full democracy"
2005	"Costa Rica"	-1.017e+09	4187038	0	0	1	3282	18529767934.4743	0.0775709856447241	"full democracy"
2006	"Costa Rica"	1.412e+09	4247841	0	0	1	3282	19952156474.8454	0.0767623504730879	"full democracy"
2007	"Costa Rica"	1.72e+08	4308794	0	0	1	3282	22600431878.0024	0.132731286790769	"full democracy"
2008	"Costa Rica"	5.74e+08	4369469	0	0	1	3282	26743874205.9404	0.183334652643117	"full democracy"
2009	"Costa Rica"	-1.97e+08	4429508	0	0	1	3282	30612932876.4403	0.144670837168405	"full democracy"
2010	"Costa Rica"	-7.9e+07	4488263	0	0	1	3282	30562361123.0307	-0.00165197348498808	"full democracy"
2004	"Croatia"	2.1e+07	4388946	0	0	0	7275	34658113497.39	0.289436334660832	"democracy"
2005	"Croatia"	-1e+06	4383920	0	0	0	7275	41574530815.5047	0.199561274985021	"democracy"
2006	"Croatia"	-1e+06	4378057	0	0	0	7275	45416358501.9835	0.0924082030781701	"democracy"
2007	"Croatia"	2.2e+07	4370699	0	0	0	7275	50453577898.4886	0.110912005335811	"democracy"
2008	"Croatia"	-1e+06	4362266	0	0	0	7275	60093222709.0519	0.191059687183296	"democracy"
2009	"Croatia"	6.1e+07	4352428	0	0	0	7275	70481451449.4223	0.172868557751781	"democracy"
2010	"Croatia"	-7e+07	4341084	0	0	0	7275	62703143057.4238	-0.110359651114453	"democracy"
2004	"Cuba"	0	11244885	0	0	0	1813	35901200000	0.0687902829669103	"autocracy"
2005	"Cuba"	0	11266941	0	0	0	1813	3.8203e+10	0.06411484852874	"autocracy"
2006	"Cuba"	-1e+06	11284253	0	0	0	1813	42643836074.8	0.116243124225846	"autocracy"
2007	"Cuba"	-1e+06	11296233	0	0	0	1813	52742800000	0.236821188119328	"autocracy"
2008	"Cuba"	-1e+06	11303687	0	0	0	1813	58603900000	0.111126068392273	"autocracy"
2009	"Cuba"	8e+06	11309754	0	0	0	1813	60806300000	0.0375811166151058	"autocracy"
2010	"Cuba"	0	11318602	0	0	0	1813	6.208e+10	0.0209468426791303	"autocracy"
2004	"Cyprus"	4.7e+07	993563	0	0	0	9119	14576896942.2424	0.254653051388905	"full democracy"
2005	"Cyprus"	1.91e+08	1010410	0	0	0	9119	17422375000	0.195204649455378	"full democracy"
2006	"Cyprus"	1.33e+08	1027658	0	0	0	9119	18703146374.829	0.0735130184506417	"full democracy"
2007	"Cyprus"	0	1045509	0	0	0	9119	20403713461.2972	0.0909241179204399	"full democracy"
2008	"Cyprus"	0	1063712	0	0	0	9119	24077470572.1325	0.180053357336343	"full democracy"
2009	"Cyprus"	1.03e+08	1081563	0	0	0	9119	27839460963.8201	0.156245249284689	"full democracy"
2010	"Cyprus"	1.73e+08	1098076	0	0	0	9119	25942622950.8197	-0.0681348685402176	"full democracy"
2004	"Denmark"	8.43e+08	5386968	8	0	1	6535	218095997085.477	0.220901846659764	"full democracy"
2005	"Denmark"	7.32e+08	5402761	140	0	1	6535	251373036671.062	0.152579781519525	"full democracy"
2006	"Denmark"	-3.9e+08	5421702	26	0	1	6535	264467308109.19	0.0520909943705008	"full democracy"
2007	"Denmark"	8.37e+08	5444303	8	0	1	6535	282884912894.33	0.0696403835952986	"full democracy"
2008	"Denmark"	1.231e+09	5469957	85	0	1	6535	319423370134.284	0.129163683089747	"full democracy"
2009	"Denmark"	7.16e+08	5497795	6	0	1	6535	353361056079.716	0.106246721807377	"full democracy"
2010	"Denmark"	9.35e+08	5526447	0	0	1	6535	321241396034.248	-0.0908975663640252	"full democracy"
2004	"Djibouti"	0	758615	0	0	0	11654	622044665.515049	0.0523117458697743	"open anocracy"
2005	"Djibouti"	0	770752	0	0	0	11654	666072101.777505	0.070778577011028	"open anocracy"
2006	"Djibouti"	0	783254	0	0	0	11654	708633194.726566	0.0638986272439287	"open anocracy"
2007	"Djibouti"	-1e+06	796208	0	0	0	11654	768873684.032838	0.0850094093172089	"open anocracy"
2008	"Djibouti"	0	809402	0	0	0	11654	847918929.107984	0.10280654250064	"open anocracy"
2009	"Djibouti"	1e+06	822934	0	0	0	11654	999105339.267729	0.17830290723524	"open anocracy"
2010	"Djibouti"	1e+06	836840	0	0	0	11654	1049110684.72493	0.0500501233371961	"open anocracy"
2004	"Dominican Republic"	2.4e+07	8967760	8	0	1	2358	21642882856.4247	-0.209042091524677	"democracy"
2005	"Dominican Republic"	-1.75e+08	9102998	35	0	1	2358	22692574473.3467	0.0485005451392718	"democracy"
2006	"Dominican Republic"	-4e+06	9237566	0	0	1	2358	36119047252.1794	0.591668115691439	"democracy"
2007	"Dominican Republic"	2.2e+07	9371338	0	0	1	2358	38116351526.2862	0.0552978117103099	"democracy"
2008	"Dominican Republic"	-1.24e+08	9504353	0	0	1	2358	44169678153.1566	0.158811806074772	"democracy"
2009	"Dominican Republic"	1.24e+08	9636520	0	0	1	2358	48288967303.4896	0.0932605652241687	"democracy"
2010	"Dominican Republic"	2.52e+08	9767758	0	0	1	2358	48376555305.6902	0.00181383051018923	"democracy"
2004	"Ecuador"	-8.37e+08	13289601	0	0	1	4314	32432858000	0.136044011433697	"democracy"
2005	"Ecuador"	7.3e+07	13509647	0	0	1	4314	36591661000	0.128228076600588	"democracy"
2006	"Ecuador"	2e+07	13735233	4	0	1	4314	41507085000	0.134331808550588	"democracy"
2007	"Ecuador"	-4.3e+07	13967480	0	0	1	4314	46802044000	0.127567594785324	"democracy"
2008	"Ecuador"	1.28e+08	14205453	0	0	1	4314	51007777000	0.0898621649943323	"open anocracy"
2009	"Ecuador"	1.96e+08	14447562	0	0	1	4314	61762635000	0.210847416463572	"open anocracy"
2010	"Ecuador"	1.03e+08	14691275	1	0	1	4314	62519686000	0.0122574271644984	"open anocracy"
2004	"Egypt"	4.47e+08	73981942	345	0	0	9355	82924503942.6381	-0.0560744642264494	"autocracy"
2005	"Egypt"	1.112e+09	75381899	500	0	0	9355	78845185293.4964	-0.0491931631205599	"autocracy"
2006	"Egypt"	5.4e+07	76778149	590	0	0	9355	89685725230.2517	0.13749146376411	"closed anocracy"
2007	"Egypt"	9.96e+08	78159048	455	0	0	9355	107484034870.974	0.198451978785123	"closed anocracy"
2008	"Egypt"	1.617e+09	79537253	396	0	0	9355	130478960092.499	0.213938053675865	"closed anocracy"
2009	"Egypt"	1.512e+09	80953881	263	0	0	9355	162818181818.182	0.24785008788204	"closed anocracy"
2010	"Egypt"	1.919e+09	82465022	82	0	0	9355	188982374700.805	0.16069576868166	"closed anocracy"
2004	"El Salvador"	1.52e+08	5971535	10	0	1	3024	13243892200	0.0457748885848628	"democracy"
2005	"El Salvador"	8.1e+07	6000775	0	0	1	3024	13724810900	0.0363124897679249	"democracy"
2006	"El Salvador"	-8.1e+07	6028961	0	0	1	3024	14698001400	0.0709073886038022	"democracy"
2007	"El Salvador"	2.314e+09	6056478	0	0	1	3024	15999886400	0.0885756481149879	"democracy"
2008	"El Salvador"	1.834e+09	6083475	0	0	1	3024	17011750900	0.0632419802680599	"democracy"
2009	"El Salvador"	1.68e+08	6110301	0	0	1	3024	17986886200	0.0573212778468323	"democracy"
2010	"El Salvador"	2.4e+07	6137276	0	0	1	3024	17601616000	-0.0214195050614152	"democracy"
2004	"Equatorial Guinea"	-4.2e+08	694611	0	0	0	9602	2484745935.09329	0.375262718347586	"autocracy"
2005	"Equatorial Guinea"	3.24e+08	724817	0	0	0	9602	4410764338.66733	0.775136957212379	"autocracy"
2006	"Equatorial Guinea"	6.78e+08	757317	0	0	0	9602	8217369092.65224	0.863026101987357	"autocracy"
2007	"Equatorial Guinea"	-9.3e+07	792217	0	0	0	9602	10086528698.8604	0.227464482261058	"autocracy"
2008	"Equatorial Guinea"	-9.13e+08	829327	1	0	0	9602	13071718758.7373	0.29595811889319	"autocracy"
2009	"Equatorial Guinea"	5.6e+07	868418	0	0	0	9602	19749893536.3204	0.510887275104456	"autocracy"
2010	"Equatorial Guinea"	-8.8e+07	909111	2	0	0	9602	15027795173.2187	-0.239094876861877	"autocracy"
2004	"Eritrea"	-1.6e+07	3738265	0	1	0	11041	870247703.182758	0.193229408837776	"autocracy"
2005	"Eritrea"	-4e+06	3858623	0	0	0	11041	1109054005.43971	0.274411873060469	"autocracy"
2006	"Eritrea"	0	3969007	0	0	0	11041	1098425900.74116	-0.00958303621502745	"autocracy"
2007	"Eritrea"	0	4066648	0	0	0	11041	1211161879.6748	0.102634122936806	"autocracy"
2008	"Eritrea"	0	4153332	0	0	0	11041	1317974491.05691	0.0881902024614493	"autocracy"
2009	"Eritrea"	1e+06	4232636	0	0	0	11041	1380188800	0.0472044864033742	"autocracy"
2010	"Eritrea"	1e+06	4310334	0	0	0	11041	1856695551.21951	0.345247513397812	"autocracy"
2004	"Estonia"	1e+06	1372909	11	0	0	6981	9833870709.12376	0.343045254368806	"democracy"
2005	"Estonia"	-1e+06	1363565	0	0	0	6981	12059201242.236	0.226292433461384	"democracy"
2006	"Estonia"	-1e+06	1355648	0	0	0	6981	14006088297.4754	0.161444113596898	"democracy"
2007	"Estonia"	0	1349297	0	0	0	6981	16963625015.6818	0.211160793462904	"democracy"
2008	"Estonia"	-5e+06	1344072	0	0	0	6981	22237061730.0849	0.310867324025858	"democracy"
2009	"Estonia"	0	1339712	0	0	0	6981	24194039255.8957	0.0880052207240658	"democracy"
2010	"Estonia"	0	1335830	0	0	0	6981	19652492636.8436	-0.187713451690188	"democracy"
2004	"Ethiopia"	1e+06	72545144	0	1	0	11513	8623691300.04079	0.0984461286512061	"open anocracy"
2005	"Ethiopia"	-2e+06	74624405	0	1	0	11513	10131187261.4421	0.174808664752898	"open anocracy"
2006	"Ethiopia"	1e+06	76727083	0	1	0	11513	12401139453.9738	0.224055891373247	"closed anocracy"
2007	"Ethiopia"	0	78850689	0	1	0	11513	15280861834.6024	0.232214337345092	"closed anocracy"
2008	"Ethiopia"	0	81000409	0	1	0	11513	19707616772.7996	0.289692753334968	"closed anocracy"
2009	"Ethiopia"	1e+06	83184892	0	1	0	11513	27066912635.2228	0.373423937925385	"closed anocracy"
2010	"Ethiopia"	5e+06	85416253	0	1	0	11513	32437389116.038	0.198414815653059	"closed anocracy"
2004	"Fiji"	8e+06	816628	0	0	0	12479	2315935752.71653	0.256822303939958	"open anocracy"
2005	"Fiji"	5e+06	818354	0	0	0	12479	2727507212.92556	0.17771281423773	"democracy"
2006	"Fiji"	1e+06	821817	0	0	0	12479	3006725014.78415	0.102371059015128	"democracy"
2007	"Fiji"	2e+06	827411	0	0	0	12479	3102741451.01664	0.031933893442325	"closed anocracy"
2008	"Fiji"	1e+06	834812	0	0	0	12479	3405050611.68726	0.0974329203522794	"closed anocracy"
2009	"Fiji"	-6e+06	843340	0	0	0	12479	3523185919.55826	0.0346941415394885	"closed anocracy"
2010	"Fiji"	-4e+06	851967	0	0	0	12479	2870624635.68032	-0.185219088284662	"closed anocracy"
2004	"Finland"	3.33e+08	5227103	0	0	0	6934	171071106094.808	0.225850584577032	"full democracy"
2005	"Finland"	-6e+06	5242185	0	0	0	6934	196768065557.487	0.150212154754162	"full democracy"
2006	"Finland"	4.88e+08	5258927	0	0	0	6934	204436015420.968	0.0389694833953671	"full democracy"
2007	"Finland"	-9.9e+07	5277570	0	0	0	6934	216552502822.732	0.0592678710588941	"full democracy"
2008	"Finland"	1.88e+08	5298014	0	0	0	6934	255384615384.615	0.179319620210858	"full democracy"
2009	"Finland"	7.2e+07	5319902	9	0	0	6934	283742493042.332	0.111039882394675	"full democracy"
2010	"Finland"	-4.2e+08	5342646	9	0	0	6934	251499027507.641	-0.113636365103342	"full democracy"
2004	"France"	6.988e+09	60550097	17	0	1	6194	1840480812641.08	0.231678544422865	"democracy"
2005	"France"	-1.156e+09	60886607	78	0	1	6194	2115742488204.62	0.14955965510368	"democracy"
2006	"France"	7.076e+09	61233900	2	0	1	6194	2196126103718.44	0.037993099803952	"democracy"
2007	"France"	1.201e+10	61592884	2	0	1	6194	2318593651988.46	0.0557652623238075	"democracy"
2008	"France"	-3.41e+08	61960950	0	0	1	6194	2657213249384.07	0.146045253382457	"democracy"
2009	"France"	1.0266e+10	62329567	2	0	1	6194	2918382891460.38	0.0982870464524622	"democracy"
2010	"France"	4.812e+09	62687521	0	0	1	6194	2690222283967.77	-0.0781804910384589	"democracy"
2004	"Gabon"	6.1e+07	1328146	0	0	0	9696	6497305662.09274	0.223510229662018	"closed anocracy"
2005	"Gabon"	-1.66e+08	1364205	0	0	0	9696	7756293574.98077	0.193770768740857	"closed anocracy"
2006	"Gabon"	-1.7e+07	1403126	0	0	0	9696	9578973591.00958	0.234993685889891	"closed anocracy"
2007	"Gabon"	1.3e+08	1444844	0	0	0	9696	10318424464.3377	0.0771952095182867	"closed anocracy"
2008	"Gabon"	-4.39e+08	1489193	0	0	0	9696	12438956756.4455	0.205509310014987	"closed anocracy"
2009	"Gabon"	4e+06	1536411	0	0	0	9696	15508574820.3516	0.246774558671531	"closed anocracy"
2010	"Gabon"	3.27e+08	1586754	0	0	0	9696	12065138272.7538	-0.222034364052527	"open anocracy"
2007	"Gambia"	0	1491021	0	0	0	6540	655070067.733924	0.0495004044361952	"closed anocracy"
2008	"Gambia"	0	1539116	0	0	0	6540	798885556.457903	0.219542146417219	"closed anocracy"
2009	"Gambia"	0	1588572	0	0	0	6540	965781078.206954	0.208910425779923	"closed anocracy"
2010	"Gambia"	0	1639560	0	0	0	6540	900639534.010899	-0.0674495966694598	"closed anocracy"
2004	"Georgia"	-1e+07	4579082	0	0	0	9433	3991281539.82383	0.175379066139414	"open anocracy"
2005	"Georgia"	5.2e+07	4533329	0	1	0	9433	5125363000.83472	0.284139680374676	"democracy"
2006	"Georgia"	0	4486547	0	0	0	9433	6410852595.57566	0.250809473305907	"democracy"
2007	"Georgia"	0	4438896	0	0	0	9433	7745406200.85374	0.208171001498163	"democracy"
2008	"Georgia"	1e+06	4390535	0	0	0	9433	10172869679.7366	0.313406865428865	"democracy"
2009	"Georgia"	0	4340514	2	1	0	9433	12795044472.7663	0.257761563411436	"democracy"
2010	"Georgia"	0	4287696	4	0	0	9433	10766809099.0721	-0.158517258616116	"democracy"
2004	"Germany"	9.073e+09	81686495	0	0	1	6739	2505733634311.51	0.205180198081472	"full democracy"
2005	"Germany"	7.978e+09	81715659	0	0	1	6739	2819245095604.67	0.12511763301581	"full democracy"
2006	"Germany"	2.703e+09	81671234	0	0	1	6739	2861410272354.18	0.0149561940589159	"full democracy"
2007	"Germany"	9.569e+09	81540353	0	0	1	6739	3002446368084.31	0.0492890156622296	"full democracy"
2008	"Germany"	7.75e+08	81344457	0	0	1	6739	3439953462907.2	0.145716872572161	"full democracy"
2009	"Germany"	7.839e+09	81130944	0	0	1	6739	3752365607148.09	0.0908187124069003	"full democracy"
2010	"Germany"	5.898e+09	80965612	0	0	1	6739	3418005001389.27	-0.0891066172021931	"full democracy"
2004	"Ghana"	1.2e+08	20446782	0	0	0	8540	7632406552.83803	0.237755096489881	"democracy"
2005	"Ghana"	-4e+06	20986536	0	0	0	8540	8881368538.07671	0.163639341876288	"democracy"
2006	"Ghana"	7.29e+08	21542009	0	0	0	8540	10731634116.7384	0.208331133960845	"democracy"
2007	"Ghana"	0	22113425	0	0	0	8540	20409668521.5494	0.901822993547267	"democracy"
2008	"Ghana"	0	22700212	2	0	0	8540	24758819717.7074	0.213092691415639	"democracy"
2009	"Ghana"	2.05e+08	23298640	0	0	0	8540	28526891010.4925	0.152191071131319	"democracy"
2010	"Ghana"	-3.13e+08	23903831	0	0	0	8540	25977847813.7422	-0.0893558010164071	"democracy"
2004	"Greece"	5.03e+08	11243567	1526	0	1	8244	201924270316.027	0.312637503909009	"full democracy"
2005	"Greece"	1.59e+08	11270476	828	0	1	8244	240521260988.329	0.191145871726538	"full democracy"
2006	"Greece"	2.92e+08	11301204	102	0	1	8244	247783001865.44	0.0301916797179246	"full democracy"
2007	"Greece"	-2.01e+08	11338770	20	0	1	8244	273317737046.795	0.103052812295905	"full democracy"
2008	"Greece"	7.2e+07	11380897	253	0	1	8244	318497936901.177	0.165302846213185	"full democracy"
2009	"Greece"	-2.64e+08	11419647	10	0	1	8244	354460802548.704	0.112913967347567	"full democracy"
2010	"Greece"	-1.17e+08	11443828	924	0	1	8244	330000252153.376	-0.0690077724234884	"full democracy"
2004	"Guatemala"	4.4e+07	12500478	0	0	1	2993	21917706490.5299	0.0549191498550144	"democracy"
2005	"Guatemala"	-1.8e+07	12796925	0	0	1	2993	23965275995.7214	0.093420792274785	"democracy"
2006	"Guatemala"	-5e+06	13096028	0	0	1	2993	27211377225.2715	0.135450191774534	"democracy"
2007	"Guatemala"	1.69e+08	13397008	0	0	1	2993	30231249362.0604	0.110978290874021	"democracy"
2008	"Guatemala"	6.59e+08	13700286	0	0	1	2993	34113107085.6085	0.128405468032683	"democracy"
2009	"Guatemala"	1.15e+08	14006366	0	0	1	2993	39136893345.1501	0.147268504359165	"democracy"
2010	"Guatemala"	1.09e+08	14316208	0	0	1	2993	37733994976.4137	-0.0358459307529644	"democracy"
2004	"Guinea"	0	9309848	0	0	0	7073	3446442218.89829	0.168429258677545	"closed anocracy"
2005	"Guinea"	0	9490229	0	0	0	7073	3666349049.42641	0.063806910593852	"closed anocracy"
2006	"Guinea"	0	9679745	0	0	0	7073	2937071767.25576	-0.198911034475766	"closed anocracy"
2007	"Guinea"	0	9881428	0	0	0	7073	4375865936.48378	0.489873684827372	"closed anocracy"
2008	"Guinea"	0	10096727	0	0	0	7073	5836261225.23732	0.333738581106312	"closed anocracy"
2009	"Guinea"	0	10323142	0	0	0	7073	7009809997.49329	0.201078863156652	"closed anocracy"
2010	"Guinea"	0	10556524	0	0	0	7073	6493151288.20375	-0.0737050946422653	"closed anocracy"
2007	"Guinea-Bissau"	0	1412669	0	0	0	6761	591839470.665059	0.00859548810628252	"democracy"
2008	"Guinea-Bissau"	0	1445958	0	0	0	6761	695990208.376629	0.175978019165458	"democracy"
2009	"Guinea-Bissau"	0	1480841	0	0	0	6761	864654795.287148	0.242337585903576	"democracy"
2010	"Guinea-Bissau"	0	1517448	0	0	0	6761	826798659.766283	-0.0437817909843351	"democracy"
2004	"Guyana"	1e+07	751857	0	0	1	4009	741929342.788749	0.026947419278498	"democracy"
2005	"Guyana"	1.2e+07	751652	0	0	1	4009	785918769.587635	0.0592905877445681	"democracy"
2006	"Guyana"	2.3e+07	750946	0	0	1	4009	824880550.343965	0.0495748190067695	"democracy"
2007	"Guyana"	-6e+06	749601	0	0	1	4009	1458449453.33968	0.768073514076098	"democracy"
2008	"Guyana"	2.7e+07	747869	0	0	1	4009	1740334781.83731	0.193277406942109	"democracy"
2009	"Guyana"	0	746314	0	0	1	4009	1922598121.23066	0.104728895437538	"democracy"
2010	"Guyana"	0	745693	0	0	1	4009	2061323853.88576	0.0721553459993508	"democracy"
2004	"Haiti"	7e+06	8976552	0	0	1	2286	2960306120.93557	-0.147424407125841	"closed anocracy"
2005	"Haiti"	2.2e+07	9119178	0	1	1	2286	3537720277.49988	0.195052178043609	"closed anocracy"
2006	"Haiti"	3.5e+07	9263404	0	0	1	2286	4310358095.62898	0.218399917891509	"open anocracy"
2007	"Haiti"	3.3e+07	9409457	0	0	1	2286	4756204069.61876	0.103435947570551	"open anocracy"
2008	"Haiti"	-1e+06	9556889	0	0	1	2286	5885325589.97642	0.237399721254636	"open anocracy"
2009	"Haiti"	0	9705029	0	0	1	2286	6548530572.35291	0.112687900140313	"open anocracy"
2010	"Haiti"	0	9852870	0	0	1	2286	6584649419.28348	0.00551556513808746	"open anocracy"
2004	"Honduras"	1.93e+08	7033821	0	0	1	2922	8140271080.5604	0.0469696456687858	"democracy"
2005	"Honduras"	8.8e+07	7204153	0	0	1	2922	8772194250.27021	0.0776292537995315	"democracy"
2006	"Honduras"	3.6e+07	7373430	0	0	1	2922	9672035709.39793	0.102578834149734	"democracy"
2007	"Honduras"	7.1e+07	7541406	0	0	1	2922	10841742347.7968	0.120936964414049	"democracy"
2008	"Honduras"	1.73e+08	7707972	0	0	1	2922	12275501784.2971	0.132244374613058	"democracy"
2009	"Honduras"	2e+07	7872658	0	0	1	2922	13789715132.502	0.123352460438065	"democracy"
2010	"Honduras"	2e+08	8035021	0	0	1	2922	14587496229.1811	0.0578533413499421	"democracy"
2004	"Hungary"	1.66e+08	10141956	0	0	1	7368	85324771841.4118	0.260022061928307	"full democracy"
2005	"Hungary"	1.73e+08	10115081	0	0	1	7368	104066609517.928	0.219652948048318	"full democracy"
2006	"Hungary"	6.98e+08	10086465	0	0	1	7368	113035361316.749	0.0861828000390069	"full democracy"
2007	"Hungary"	1.596e+09	10055897	30	0	1	7368	115295199391.606	0.019992310800197	"full democracy"
2008	"Hungary"	-1.3e+07	10023887	25	0	1	7368	139850794387.281	0.212980203210983	"full democracy"
2009	"Hungary"	-1.19e+08	9991201	0	0	1	7368	157998423131.739	0.129764216384805	"full democracy"
2010	"Hungary"	3.57e+08	9958942	4	0	1	7368	130593960612.172	-0.173447696352749	"full democracy"
2004	"India"	1.138e+09	1108027848	0	1	0	12106	599592902016.345	0.180140804861803	"democracy"
2005	"India"	7.21e+08	1126135777	0	1	0	12106	699688852930.276	0.166939852985789	"democracy"
2006	"India"	1.834e+09	1144118674	0	1	0	12106	808901077222.839	0.156086843223506	"democracy"
2007	"India"	3.915e+09	1161977719	84	1	0	12106	920316529729.747	0.137736808176131	"democracy"
2008	"India"	4.31e+09	1179681239	89	1	0	12106	1201111768410.27	0.305107242573356	"democracy"
2009	"India"	2.47e+09	1197146906	5	1	0	12106	1186952757636.11	-0.0117882541379975	"democracy"
2010	"India"	3.069e+09	1214270132	2	1	0	12106	1323940295874.06	0.115411112495133	"democracy"
2004	"Indonesia"	0	220545214	8	1	0	16337	234772463823.808	0.199896404420435	"democracy"
2005	"Indonesia"	0	223614649	4	1	0	16337	256836875295.452	0.0939821097937741	"democracy"
2006	"Indonesia"	7.71e+08	226712730	4	1	0	16337	285868618224.017	0.113035727035568	"democracy"
2007	"Indonesia"	2.925e+09	229838202	11	0	0	16337	364570514304.851	0.275307924912417	"democracy"
2008	"Indonesia"	1.75e+09	232989141	17	0	0	16337	432216737774.861	0.185550451327626	"democracy"
2009	"Indonesia"	1e+09	236159276	14	0	0	16337	510228634992.255	0.180492540892828	"democracy"
2010	"Indonesia"	3.15e+08	239340478	0	0	0	16337	539580085612.401	0.0575260747970202	"democracy"
2004	"Iran, Islamic Republic of"	0	68812713	0	0	0	10233	153544751395.431	0.193721768159405	"open anocracy"
2005	"Iran, Islamic Republic of"	0	69617100	0	0	0	10233	190043433964.846	0.237707132531142	"autocracy"
2006	"Iran, Islamic Republic of"	0	70421811	0	1	0	10233	226452138291.545	0.191580964241226	"autocracy"
2007	"Iran, Islamic Republic of"	0	71227880	0	1	0	10233	266298911661.142	0.175961126577204	"autocracy"
2008	"Iran, Islamic Republic of"	-1e+06	72031103	0	1	0	10233	349881601458.559	0.313867936132513	"autocracy"
2009	"Iran, Islamic Republic of"	0	72845542	0	1	0	10233	406070949553.87	0.160595320991653	"autocracy"
2010	"Iran, Islamic Republic of"	0	73687565	0	1	0	10233	414059094949.061	0.0196717972658895	"autocracy"
2006	"Iraq"	0	27008426	43	1	0	9988	49954890353.2609	0.363847994290549	"conflict/occupied"
2007	"Iraq"	0	27697912	55	1	0	9988	65140293687.5395	0.303982317384615	"conflict/occupied"
2008	"Iraq"	0	28390433	150	1	0	9988	88840050497.0957	0.363826373323362	"conflict/occupied"
2009	"Iraq"	2e+06	29111417	281	1	0	9988	131613661510.475	0.481467657594112	"conflict/occupied"
2010	"Iraq"	-1.51e+08	29894652	311	1	0	9988	111660855042.735	-0.15160133255735	"conflict/occupied"
2004	"Ireland"	8.781e+09	4049547	0	0	0	5445	164285112866.817	0.284025369411703	"full democracy"
2005	"Ireland"	-1.5041e+10	4128749	0	0	0	5445	193870350136.578	0.180084712202409	"full democracy"
2006	"Ireland"	2.0148e+10	4212977	0	0	0	5445	211650764830.245	0.0917129137134225	"full democracy"
2007	"Ireland"	1.5506e+10	4303370	1	0	0	5445	232085535064.609	0.0965494750314452	"full democracy"
2008	"Ireland"	3.1795e+10	4398073	3	0	0	5445	269917519846.701	0.163008800921437	"full democracy"
2009	"Ireland"	2.3528e+10	4489589	3	0	0	5445	275020023436.356	0.0189039362563534	"full democracy"
2010	"Ireland"	2.8865e+10	4568064	0	0	0	5445	236311336482.356	-0.140748613393082	"full democracy"
2004	"Israel"	5.31e+08	6349519	104	1	0	9449	126864966908.939	0.0478699803971333	"democracy"
2005	"Israel"	3.058e+09	6468827	839	1	0	9449	135445033199.465	0.0676314864503499	"democracy"
2006	"Israel"	2.416e+09	6602970	1114	1	0	9449	142462925574.348	0.0518135823005632	"democracy"
2007	"Israel"	5.54e+08	6755211	1110	1	0	9449	153966916311.325	0.0807507685989037	"democracy"
2008	"Israel"	5.36e+08	6922685	809	1	0	9449	178706717752.732	0.160682580609606	"democracy"
2009	"Israel"	-1.66e+08	7097410	663	1	0	9449	215840354626.533	0.207790940042786	"democracy"
2010	"Israel"	1.85e+08	7267895	134	1	0	9449	207419370241.335	-0.0390148746733148	"democracy"
2004	"Italy"	3.284e+09	58147037	478	0	1	7212	1569649661399.55	0.2393497684885	"full democracy"
2005	"Italy"	-1.155e+09	58494704	406	0	1	7212	1798314750434.57	0.145679061167786	"full democracy"
2006	"Italy"	2.891e+09	58808483	68	0	1	7212	1852661982340.5	0.0302212012067391	"full democracy"
2007	"Italy"	3.704e+09	59079869	22	0	1	7212	1942633797516	0.0485635350825503	"full democracy"
2008	"Italy"	2.241e+09	59313511	42	0	1	7212	2203053380782.92	0.134054901958317	"full democracy"
2009	"Italy"	3.236e+09	59502385	43	0	1	7212	2390729163615.06	0.0851889402541141	"full democracy"
2010	"Italy"	6.8e+07	59641853	14	0	1	7212	2185160183384.27	-0.085985892237139	"full democracy"
2004	"Jamaica"	2.47e+08	2712511	0	0	1	2315	9399447609.1835	-0.0304019998729864	"democracy"
2005	"Jamaica"	-2.441e+09	2728777	0	0	1	2315	10150978154.5484	0.0799547565572509	"democracy"
2006	"Jamaica"	-8.2e+07	2744673	0	0	1	2315	11204416000	0.103776978869724	"democracy"
2007	"Jamaica"	-2.67e+08	2760279	0	0	1	2315	11905525197.3285	0.06257436329823	"democracy"
2008	"Jamaica"	1.73e+08	2775467	3	0	1	2315	12824094989.8639	0.0771549156639909	"democracy"
2009	"Jamaica"	-2.22e+08	2790122	2	0	1	2315	13678606692.2655	0.0666332948310974	"democracy"
2010	"Jamaica"	2e+06	2804082	0	0	1	2315	12038829246.2425	-0.119878982042097	"democracy"
2004	"Japan"	1.2787e+10	128067794	415	0	1	10960	4445658071221.86	0.0803238036877077	"full democracy"
2005	"Japan"	5.94e+09	128213632	355	0	1	10960	4815148854362.11	0.0831127309434974	"full democracy"
2006	"Japan"	2.709e+09	128335767	348	0	1	10960	4755410630912.14	-0.0124063087677659	"full democracy"
2007	"Japan"	1.5721e+10	128432994	412	0	1	10960	4530377224970.4	-0.047321550841252	"full democracy"
2008	"Japan"	-1.656e+09	128505251	489	0	1	10960	4515264514430.57	-0.0033358614060949	"full democracy"
2009	"Japan"	1.1138e+10	128550508	661	0	1	10960	5037908465114.48	0.115750461354715	"full democracy"
2010	"Japan"	9.17e+08	128566659	578	0	1	10960	5231382674593.7	0.0384036770058352	"full democracy"
2004	"Jordan"	0	5396774	102	0	0	9598	10195660789.8449	0.0639927746401585	"closed anocracy"
2005	"Jordan"	6e+06	5535595	36	0	0	9598	11411390409.0268	0.11923990452809	"closed anocracy"
2006	"Jordan"	3.7e+07	5714111	5	0	0	9598	12588665303.244	0.103166647710689	"closed anocracy"
2007	"Jordan"	7.9e+07	5934232	3	0	0	9598	15056929760.2257	0.196070385344636	"closed anocracy"
2008	"Jordan"	3.2e+07	6193191	164	0	0	9598	17110587447.1086	0.136392858277644	"closed anocracy"
2009	"Jordan"	-7e+06	6489822	32	0	0	9598	21972004086.2336	0.284117459681169	"closed anocracy"
2010	"Jordan"	3e+06	6821116	15	0	0	9598	23820230000	0.0841173115803484	"closed anocracy"
2004	"Kazakhstan"	6e+06	15232325	0	0	0	9536	30833699702.7594	0.251540723314783	"autocracy"
2005	"Kazakhstan"	-4.12e+08	15385916	19	0	0	9536	43151647002.6096	0.399496246593717	"autocracy"
2006	"Kazakhstan"	1.78e+08	15541457	0	0	0	9536	57123671733.8953	0.323788909620083	"autocracy"
2007	"Kazakhstan"	0	15690861	0	0	0	9536	81003884545.4098	0.418044080267774	"autocracy"
2008	"Kazakhstan"	0	15841355	6	0	0	9536	104849886825.584	0.294380972147162	"autocracy"
2009	"Kazakhstan"	-1.42e+08	16001176	3	0	0	9536	133441612246.798	0.272692000791339	"autocracy"
2010	"Kazakhstan"	1.837e+09	16184163	3	0	0	9536	115308661142.927	-0.135886780731744	"autocracy"
2004	"Kenya"	-7e+06	34130852	0	0	0	12116	14904517649.8476	0.133617885399378	"democracy"
2005	"Kenya"	4e+07	35074931	0	0	0	12116	16095337093.8366	0.0798965435826214	"democracy"
2006	"Kenya"	-1.09e+08	36048288	0	0	0	12116	18737897744.7948	0.164181752488435	"democracy"
2007	"Kenya"	2e+06	37052050	0	0	0	12116	25825524820.8064	0.378250920809965	"democracy"
2008	"Kenya"	7e+06	38085909	0	0	0	12116	31958195182.2406	0.237465468910564	"democracy"
2009	"Kenya"	6.2e+07	39148416	0	0	0	12116	35895153327.8497	0.123190878682564	"democracy"
2010	"Kenya"	3e+06	40237204	0	0	0	12116	37021512048.8158	0.0313791310675975	"democracy"
2004	"Korea, Republic of (South Korea)"	4.34e+09	48265026	593	0	1	11218	680520724062.403	0.117402816245807	"democracy"
2005	"Korea, Republic of (South Korea)"	1.687e+09	48498083	873	0	1	11218	764880644710.649	0.123963779008309	"democracy"
2006	"Korea, Republic of (South Korea)"	2.518e+09	48708497	619	0	1	11218	898137194716.188	0.174218750241679	"democracy"
2007	"Korea, Republic of (South Korea)"	8.21e+08	48895845	1359	0	1	11218	1011797457138.5	0.126551113895499	"democracy"
2008	"Korea, Republic of (South Korea)"	2.157e+09	49062429	1234	0	1	11218	1122679154632.41	0.109588827992806	"democracy"
2009	"Korea, Republic of (South Korea)"	3.2e+09	49218985	1121	0	1	11218	1002219052967.54	-0.107296996802538	"democracy"
2010	"Korea, Republic of (South Korea)"	2.745e+09	49379208	209	0	1	11218	901934953364.711	-0.100062056599194	"democracy"
2004	"Kuwait"	0	2169118	21	0	0	10518	47875838926.1745	0.255346630687182	"autocracy"
2005	"Kuwait"	0	2207939	0	0	0	10518	59440108585.0017	0.241547091773359	"autocracy"
2006	"Kuwait"	0	2276623	5	0	0	10518	80797945205.4795	0.359316917968534	"autocracy"
2007	"Kuwait"	0	2377258	5	0	0	10518	101550654720.882	0.256846996079241	"autocracy"
2008	"Kuwait"	0	2503410	279	0	0	10518	114641097818.438	0.128905550964057	"autocracy"
2009	"Kuwait"	-1.86e+08	2652340	0	0	0	10518	147395833333.333	0.285715473230814	"autocracy"
2010	"Kuwait"	-1.51e+08	2818939	1	0	0	10518	105899930507.297	-0.281526973236711	"autocracy"
2006	"Kyrgyzstan"	0	5012269	0	0	0	10475	1919012780.97086	0.19516954231603	"closed anocracy"
2007	"Kyrgyzstan"	0	5126730	0	0	0	10475	2834168889.42019	0.15198502722641	"open anocracy"
2008	"Kyrgyzstan"	0	5189720	0	0	0	10475	3802566170.81543	0.341686511700209	"open anocracy"
2009	"Kyrgyzstan"	1.5e+07	5262294	0	0	0	10475	5139957784.91084	0.35170765057551	"open anocracy"
2010	"Kyrgyzstan"	0	5340781	0	0	0	10475	4690062255.12247	-0.0875290320689228	"open anocracy"
2006	"Lao People's Democratic Republic"	0	5579656	0	0	0	13787	2023324407.30316	0.150808369432954	"autocracy"
2007	"Lao People's Democratic Republic"	0	5849356	0	0	0	13787	3452882514.00166	0.262222039271335	"autocracy"
2008	"Lao People's Democratic Republic"	0	5949787	0	0	0	13787	4222962987.53859	0.223025391224348	"autocracy"
2009	"Lao People's Democratic Republic"	0	6052190	0	0	0	13787	5443915120.50795	0.28912214873117	"autocracy"
2010	"Lao People's Democratic Republic"	0	6152036	0	0	0	13787	5832915387.08908	0.0714559757031689	"autocracy"
2004	"Latvia"	2.7e+07	2305775	11	0	0	7126	11748433157.0533	0.230660982719418	"democracy"
2005	"Latvia"	-1.6e+07	2278855	0	0	0	7126	14373269155.7174	0.223420090455913	"democracy"
2006	"Latvia"	8e+06	2251983	0	0	0	7126	16922504044.804	0.177359434479982	"democracy"
2007	"Latvia"	3e+06	2225223	0	0	0	7126	21447021570.1028	0.267366904644826	"democracy"
2008	"Latvia"	-1.83e+08	2198518	0	0	0	7126	30901399261.387	0.440824739247879	"democracy"
2009	"Latvia"	-1.1e+07	2171881	0	0	0	7126	35596016664.2304	0.151922486199827	"democracy"
2010	"Latvia"	-6e+06	2145309	11	0	0	7126	26169854045.0375	-0.264809478771399	"democracy"
2004	"Lebanon"	3.8e+07	3701464	0	0	0	9411	20082918739.6352	0.0485937932945463	"conflict/occupied"
2005	"Lebanon"	-2e+06	3863267	0	0	0	9411	20955223880.597	0.0434351775392208	"conflict/occupied"
2006	"Lebanon"	-2.6e+07	3986852	1	0	0	9411	21287562189.0547	0.0158594491927819	"democracy"
2007	"Lebanon"	2.2e+07	4057350	0	0	0	9411	21796351575.4561	0.0239007821507623	"democracy"
2008	"Lebanon"	2.4e+07	4086466	0	0	0	9411	24577114427.8607	0.127579280540505	"democracy"
2009	"Lebanon"	3.3e+07	4111047	0	0	0	9411	29227350570.0166	0.189210013071526	"democracy"
2010	"Lebanon"	3.8e+07	4183156	16	0	0	9411	35477118070.2487	0.213832844179983	"democracy"
2006	"Lesotho"	0	1918097	0	0	0	13123	1157832934.55127	0.492474533097882	"democracy"
2007	"Lesotho"	0	1965662	0	0	0	13123	1800105589.60349	0.0699941090249264	"democracy"
2008	"Lesotho"	0	1982287	0	0	0	13123	1820811281.1196	0.0115024872072481	"democracy"
2009	"Lesotho"	0	1999930	0	0	0	13123	1870722800.56166	0.0274116927765133	"democracy"
2010	"Lesotho"	0	2019209	0	0	0	13123	1865963014.97575	-0.00254435642976128	"democracy"
2004	"Liberia"	6.2e+07	3116233	0	1	1	7527	4.16e+08	-0.233885819521179	"open anocracy"
2005	"Liberia"	1.49e+08	3176414	0	0	1	7527	474700000	0.141105769230769	"open anocracy"
2006	"Liberia"	-1.28e+08	3261230	0	0	1	7527	5.5e+08	0.158626500947967	"open anocracy"
2007	"Liberia"	2.07e+08	3375838	0	0	1	7527	604028900	0.0982343636363636	"democracy"
2008	"Liberia"	6.1e+07	3512932	0	0	1	7527	739027200	0.22349642541938	"democracy"
2009	"Liberia"	1.2e+07	3662993	0	0	1	7527	850040500	0.150215445385501	"democracy"
2010	"Liberia"	2.28e+08	3811528	0	0	1	7527	1155147400	0.358932192054379	"democracy"
2004	"Libya"	-6e+06	5615952	0	0	0	7874	26265625000	0.282382890588961	"autocracy"
2005	"Libya"	1.78e+08	5704759	0	0	0	7874	33122307692.3077	0.261051571866563	"autocracy"
2006	"Libya"	1.493e+09	5792688	0	0	0	7874	47334148578.4164	0.429071579738064	"autocracy"
2007	"Libya"	3.71e+08	5881435	0	0	0	7874	54961936662.6066	0.161147676957864	"autocracy"
2008	"Libya"	0	5970362	0	0	0	7874	67516236337.7158	0.228418073259972	"autocracy"
2009	"Libya"	0	6053078	0	0	0	7874	87140405361.2292	0.290658515462169	"autocracy"
2010	"Libya"	0	6121053	0	0	0	7874	63028320702.0343	-0.276703838583736	"autocracy"
2004	"Lithuania"	0	3414352	1	0	0	7320	18802576988.1557	0.316858558341674	"full democracy"
2005	"Lithuania"	0	3381118	3	0	0	7320	22649930576.2543	0.204618419619936	"full democracy"
2006	"Lithuania"	1e+07	3344252	3	0	0	7320	26125575942.2814	0.153450596871625	"full democracy"
2007	"Lithuania"	3e+06	3303671	13	0	0	7320	30216060233.4044	0.156570109694807	"full democracy"
2008	"Lithuania"	3e+06	3260091	4	0	0	7320	39738180076.6283	0.31513439441377	"full democracy"
2009	"Lithuania"	0	3214627	3	0	0	7320	47850551148.8365	0.204145510855426	"full democracy"
2010	"Lithuania"	0	3168772	3	0	0	7320	37440673477.8982	-0.217549796627398	"full democracy"
2004	"Luxembourg"	3.178e+09	447322	1	0	1	6381	29557325056.4334	0.251563072591916	"full democracy"
2005	"Luxembourg"	-8.797e+09	451819	0	0	1	6381	34685281847.5292	0.173491910425083	"full democracy"
2006	"Luxembourg"	1.7359e+10	457842	0	0	1	6381	37347394602.6614	0.0767505008849117	"full democracy"
2007	"Luxembourg"	2.4535e+10	465554	0	0	1	6381	42414308116.9239	0.135669798875379	"full democracy"
2008	"Luxembourg"	2.7079e+10	474722	0	0	1	6381	50888134410.0739	0.199786974475456	"full democracy"
2009	"Luxembourg"	2.2194e+10	485105	0	0	1	6381	55849686538.7432	0.0974991947766729	"full democracy"
2010	"Luxembourg"	4.8156e+10	496279	0	0	1	6381	51370543206.4462	-0.080199972638876	"full democracy"
2006	"Macedonia, the Former Yugoslav Republic of"	0	2053426	0	0	0	7833	4946292774.79046	0.23092164853261	"democracy"
2007	"Macedonia, the Former Yugoslav Republic of"	0	2063145	0	0	0	7833	6861222331.96317	0.0962869570518551	"democracy"
2008	"Macedonia, the Former Yugoslav Republic of"	0	2065458	0	0	0	7833	8336478142.08872	0.215013555711937	"democracy"
2009	"Macedonia, the Former Yugoslav Republic of"	0	2067378	0	0	0	7833	9909548410.82744	0.188697222247449	"democracy"
2010	"Macedonia, the Former Yugoslav Republic of"	0	2069093	0	0	0	7833	9401731495.71661	-0.0512452126028241	"democracy"
2004	"Madagascar"	-1.1e+07	17279141	0	0	0	14225	5474030080.24451	0.244874488452175	"democracy"
2005	"Madagascar"	-1.1e+07	17802997	0	0	0	14225	4363934494.37405	-0.202793110304004	"democracy"
2006	"Madagascar"	-1.1e+07	18336724	0	0	0	14225	5039293030.82367	0.154759091210074	"democracy"
2007	"Madagascar"	-1.2e+07	18880268	0	0	0	14225	5515884348.54904	0.094575035587377	"democracy"
2008	"Madagascar"	-9e+06	19433523	0	0	0	14225	7342923489.09616	0.331232314728956	"democracy"
2009	"Madagascar"	7e+06	19996469	0	0	0	14225	9413002920.97008	0.281914885120058	"democracy"
2010	"Madagascar"	3e+06	20569121	0	0	0	14225	8550363974.79243	-0.0916433314023394	"closed anocracy"
2004	"Malawi"	2e+06	12336687	0	0	0	12690	3208837077.25069	-0.0820743622664765	"open anocracy"
2005	"Malawi"	-5e+06	12676038	0	0	0	12690	3476094498.87517	0.0832879374023765	"democracy"
2006	"Malawi"	0	13039711	0	0	0	12690	3655909664.1423	0.0517290785176629	"democracy"
2007	"Malawi"	-1e+06	13429262	0	0	0	12690	3997852636.24547	0.0935315703932723	"democracy"
2008	"Malawi"	-2e+06	13840969	0	0	0	12690	4432192843.58998	0.108643376048101	"democracy"
2009	"Malawi"	-1e+06	14271234	0	0	0	12690	5320925102.29496	0.200517506811623	"democracy"
2010	"Malawi"	-2e+06	14714602	0	0	0	12690	6190991712.12014	0.163517920868669	"democracy"
2004	"Malaysia"	0	24688703	31	0	0	15350	110202368421.053	0.0927867603310968	"open anocracy"
2005	"Malaysia"	2.04e+09	25174109	10	0	0	15350	124749736842.105	0.132005950774765	"open anocracy"
2006	"Malaysia"	8.66e+08	25659393	2	0	0	15350	143534102611.497	0.150576395949975	"open anocracy"
2007	"Malaysia"	2.062e+09	26143566	14	0	0	15350	162690965596.205	0.133465585085098	"open anocracy"
2008	"Malaysia"	8.19e+08	26625845	14	0	0	15350	193547824063.3	0.18966547007706	"open anocracy"
2009	"Malaysia"	8.47e+08	27111069	0	0	0	15350	230813597937.526	0.192540391784711	"democracy"
2010	"Malaysia"	2.73e+09	27605383	10	0	0	15350	202257586267.556	-0.123718931315733	"democracy"
2004	"Mali"	0	12005128	0	0	0	7353	4703504466.53245	0.209202330281119	"democracy"
2005	"Mali"	0	12391906	0	0	0	7353	5444474268.42491	0.157535685819965	"democracy"
2006	"Mali"	0	12798763	0	0	0	7353	6245031690.06808	0.147040353608792	"democracy"
2007	"Mali"	0	13227064	0	0	0	7353	6899799785.8441	0.104846240703205	"democracy"
2008	"Mali"	0	13675606	0	1	0	7353	8145694631.88354	0.180569709949493	"democracy"
2009	"Mali"	1e+06	14138216	0	1	0	7353	9750822511.47988	0.197052302122107	"democracy"
2010	"Mali"	0	14606597	0	1	0	7353	10181021770.4326	0.044119279009154	"democracy"
2005	"Mauritania"	-4e+06	2957117	0	0	0	6270	1563074859.52173	0.180189866093306	"autocracy"
2006	"Mauritania"	0	3130720	0	0	0	6270	2184445123.17519	0.191443120737627	"closed anocracy"
2007	"Mauritania"	0	3220653	0	0	0	6270	3040716679.07669	0.391985839706914	"closed anocracy"
2008	"Mauritania"	0	3312665	0	0	0	6270	3356757064.45846	0.103936150170273	"open anocracy"
2009	"Mauritania"	0	3407541	0	0	0	6270	3978425880.65663	0.185199227784589	"closed anocracy"
2010	"Mauritania"	0	3506288	0	0	0	6270	3670515287.9948	-0.0773950808431324	"closed anocracy"
2004	"Mauritius"	1.84e+08	1208994	0	0	0	15205	5609831328.0648	0.176730563770355	"full democracy"
2005	"Mauritius"	-2e+07	1215677	0	0	0	15205	6385695187.0102	0.138304311408423	"full democracy"
2006	"Mauritius"	3.23e+08	1222003	0	0	0	15205	6283803256.01264	-0.0159562785277989	"full democracy"
2007	"Mauritius"	1.326e+09	1228098	0	0	0	15205	7028803365.70151	0.118558789850083	"full democracy"
2008	"Mauritius"	-2.65e+08	1233911	0	0	0	15205	8150138757.15741	0.15953432371258	"full democracy"
2009	"Mauritius"	6.54e+08	1239293	0	0	0	15205	9990370016.30771	0.225791402328484	"full democracy"
2010	"Mauritius"	1.179e+09	1244024	0	0	0	15205	9128843109.15588	-0.0862357355879235	"full democracy"
2004	"Mexico"	8.435e+09	105640453	15	0	1	3024	729336319677.449	-0.0553939980613833	"democracy"
2005	"Mexico"	9.596e+09	106995583	90	0	1	3024	782240601984.76	0.0725375672100192	"democracy"
2006	"Mexico"	9.444e+09	108472228	8	0	1	3024	877476221382.101	0.121747220939059	"democracy"
2007	"Mexico"	9.798e+09	110092378	29	0	1	3024	975387131716.089	0.111582408671736	"democracy"
2008	"Mexico"	4.521e+09	111836346	0	0	1	3024	1052696282278.87	0.0792599656577013	"democracy"
2009	"Mexico"	7.1e+09	113661809	20	0	1	3024	1109989038338.86	0.054424772866076	"democracy"
2010	"Mexico"	8.25e+08	115505228	27	0	1	3024	900045362045.362	-0.189140314941926	"democracy"
2004	"Moldova, Republic of"	1e+06	4171646	0	0	0	7970	1980901553.51226	0.19200860307872	"democracy"
2005	"Moldova, Republic of"	1e+06	4166337	0	0	0	7970	2598231467.43671	0.311640885348334	"democracy"
2006	"Moldova, Republic of"	1e+06	4157699	0	0	0	7970	2988338439.31553	0.150143271208889	"democracy"
2007	"Moldova, Republic of"	1e+06	4144730	0	0	0	7970	3408272498.11516	0.140524263676043	"democracy"
2008	"Moldova, Republic of"	1e+06	4128649	0	0	0	7970	4401154128.12297	0.291315213368911	"democracy"
2009	"Moldova, Republic of"	1e+06	4111440	0	0	0	7970	6054806100.8468	0.375731438750837	"democracy"
2010	"Moldova, Republic of"	-1e+06	4096040	0	0	0	7970	5439422031.39627	-0.101635636088242	"democracy"
2005	"Mongolia"	0	2496832	0	0	0	10350	1992066808.09598	0.248711909960903	"full democracy"
2006	"Mongolia"	0	2526446	0	0	0	10350	2523471532.01083	0.266760493049311	"full democracy"
2007	"Mongolia"	0	2558012	0	0	0	10350	3414055566.1138	0.35292018269503	"full democracy"
2008	"Mongolia"	-4e+06	2591670	0	0	0	10350	4234999823.30839	0.240460133497202	"full democracy"
2009	"Mongolia"	-6e+06	2628131	0	0	0	10350	5623216448.86851	0.327796147220531	"full democracy"
2010	"Mongolia"	-5e+06	2668289	0	0	0	10350	4583850367.88972	-0.184834798807705	"full democracy"
2008	"Montenegro, Republic of"	1e+06	619484	0	0	0	7654	3680710375.03422	0.352255564285053	"democracy"
2009	"Montenegro, Republic of"	0	621205	0	0	0	7654	4545674527.61096	0.234999243201443	"democracy"
2010	"Montenegro, Republic of"	0	622852	0	0	0	7654	4159330369.5471	-0.084991601514178	"democracy"
2004	"Morocco"	-8e+06	29843937	0	0	0	6187	52064058833.9739	0.232669459957337	"autocracy"
2005	"Morocco"	-2.2e+07	30179285	0	0	0	6187	59626020162.3816	0.14524340778966	"autocracy"
2006	"Morocco"	-3.7e+07	30521070	0	0	0	6187	62343022650.8742	0.045567396265813	"autocracy"
2007	"Morocco"	9.6e+07	30869346	20	0	0	6187	68640825480.9223	0.101018567311314	"autocracy"
2008	"Morocco"	3.4e+07	31225881	0	0	0	6187	79041294874.4553	0.151520167781544	"autocracy"
2009	"Morocco"	5.2e+07	31596855	0	0	0	6187	92507257783.5697	0.170366172903708	"autocracy"
2010	"Morocco"	1.66e+08	31989897	3	0	0	6187	92897320375.8176	0.00421656204706107	"autocracy"
2004	"Mozambique"	0	19716598	0	0	0	13403	5597367853.40358	0.112462628978216	"open anocracy"
2005	"Mozambique"	0	20312705	0	0	0	13403	6831808930.39816	0.220539565975453	"open anocracy"
2006	"Mozambique"	4e+06	20923070	0	0	0	13403	7723846194.87446	0.130571166958019	"open anocracy"
2007	"Mozambique"	-3e+06	21547463	0	0	0	13403	8312078525.08582	0.0761579549061594	"open anocracy"
2008	"Mozambique"	-2e+06	22188387	0	0	0	13403	9366742309.49331	0.126883279702486	"open anocracy"
2009	"Mozambique"	1.2e+07	22846758	0	0	0	13403	11494837053.4061	0.227196892323592	"open anocracy"
2010	"Mozambique"	1.27e+08	23524063	0	0	0	13403	10911698208.1015	-0.0507305012324474	"open anocracy"
2006	"Myanmar"	0	47624894	0	1	0	13859	10467109977.6717	0.544360801359288	"autocracy"
2007	"Myanmar"	0	48846474	0	1	0	13859	14502553709.8303	0.209859604534956	"autocracy"
2008	"Myanmar"	0	49171586	0	1	0	13859	20182477480.5512	0.391649904173143	"autocracy"
2009	"Myanmar"	0	49479752	0	1	0	13859	31862554101.9378	0.578723629576304	"autocracy"
2010	"Myanmar"	0	49800690	0	1	0	13859	36906181380.8127	0.158293251154281	"autocracy"
2006	"Namibia"	0	1986535	0	0	0	11858	4931312147.21007	0.46710610338443	"democracy"
2007	"Namibia"	0	2055734	0	0	0	11858	7978734401.53585	0.0987973597177591	"democracy"
2008	"Namibia"	0	2079915	0	0	0	11858	8740865600.24981	0.0955203119140367	"democracy"
2009	"Namibia"	4e+06	2106375	0	0	0	11858	8486721916.9128	-0.0290753450470336	"democracy"
2010	"Namibia"	2e+06	2137040	0	0	0	11858	8876191120.76189	0.0458915948539489	"democracy"
2004	"Nepal"	-1e+06	24950623	0	1	0	12451	6330473096.54071	0.0462077389803226	"autocracy"
2005	"Nepal"	-1e+06	25309449	0	1	0	12451	7273938314.71988	0.149035499210119	"autocracy"
2006	"Nepal"	-1e+06	25640287	0	1	0	12451	8130258041.46706	0.117724359170642	"autocracy"
2007	"Nepal"	-1e+06	25940618	0	1	0	12451	9043715355.8881	0.112352807224826	"democracy"
2008	"Nepal"	1e+06	26214847	0	0	0	12451	10325618017.379	0.141745135825874	"democracy"
2009	"Nepal"	-1e+06	26475859	0	0	0	12451	12545438605.3959	0.214981862032929	"democracy"
2010	"Nepal"	1e+06	26741103	0	0	0	12451	12854985464.0764	0.0246740563177569	"democracy"
2004	"Netherlands"	3.1455e+10	16200951	45	0	1	6198	571863431151.242	0.228838934484075	"full democracy"
2005	"Netherlands"	-1.9284e+10	16287182	95	0	1	6198	650532654581.574	0.137566452311804	"full democracy"
2006	"Netherlands"	4.1118e+10	16367158	55	0	1	6198	678533764457.157	0.0430433578981419	"full democracy"
2007	"Netherlands"	1.09097e+11	16440222	237	0	1	6198	726649102998.369	0.0709107505942692	"full democracy"
2008	"Netherlands"	3.8639e+10	16507056	28	0	1	6198	839419655078.018	0.155192584170715	"full democracy"
2009	"Netherlands"	5.1588e+10	16568734	12	0	1	6198	936228211513.11	0.115327960036979	"full democracy"
2010	"Netherlands"	4.4979e+10	16626926	88	0	1	6198	857932759099.75	-0.0836285976544338	"full democracy"
2004	"New Zealand"	0	4022069	48	0	0	14058	88250885550.2626	0.324536892706282	"full democracy"
2005	"New Zealand"	4.46e+08	4080438	33	0	0	14058	103904537815.126	0.177376716021144	"full democracy"
2006	"New Zealand"	8.14e+08	4135355	0	0	0	14058	114718721396.888	0.10407806828421	"full democracy"
2007	"New Zealand"	6.7e+07	4185917	0	0	0	14058	111608845081.383	-0.0271087079566193	"full democracy"
2008	"New Zealand"	-9.06e+08	4233151	1	0	0	14058	137316087308.003	0.230333377322154	"full democracy"
2009	"New Zealand"	9.45e+08	4278325	2	0	0	14058	133279679482.674	-0.0293950104788178	"full democracy"
2010	"New Zealand"	4.99e+08	4323482	0	0	0	14058	121338622025.111	-0.089593983898463	"full democracy"
2004	"Nicaragua"	-2.19e+08	5240879	0	0	1	3103	5322454925.84746	0.0188051115017104	"democracy"
2005	"Nicaragua"	3.6e+07	5309703	0	0	1	3103	5795568204.64532	0.0888900489321719	"democracy"
2006	"Nicaragua"	0	5379328	0	0	1	3103	6321335612.22233	0.0907188715604437	"democracy"
2007	"Nicaragua"	0	5450211	0	0	1	3103	6763671610.70006	0.0699750852687636	"democracy"
2008	"Nicaragua"	4.6e+07	5522106	0	0	1	3103	7423377429.05927	0.0975366422751161	"democracy"
2009	"Nicaragua"	6.5e+07	5594506	0	0	1	3103	8496965842.2767	0.144622636189129	"democracy"
2010	"Nicaragua"	-1.6e+07	5666581	0	0	1	3103	8298695144.91507	-0.0233342937987503	"democracy"
2004	"Niger"	2e+06	12656870	0	0	0	8166	2731416346.48158	0.258437971169205	"open anocracy"
2005	"Niger"	-2e+06	13127012	0	0	0	8166	3052898739.4678	0.117698055589486	"democracy"
2006	"Niger"	0	13618449	0	0	0	8166	3405134831.85049	0.115377587808266	"democracy"
2007	"Niger"	0	14132064	0	0	0	8166	3646728060.06463	0.0709496804515222	"democracy"
2008	"Niger"	0	14668338	0	1	0	8166	4291363390.91295	0.176770880699258	"democracy"
2009	"Niger"	0	15228525	0	1	0	8166	5403363917.3096	0.25912523016609	"democracy"
2010	"Niger"	0	15813913	0	0	0	8166	5397121856.35204	-0.00115521757428983	"closed anocracy"
2004	"Nigeria"	6.76e+08	131972533	12	0	0	8744	67655813930.0926	0.144442175507806	"open anocracy"
2005	"Nigeria"	-8.46e+08	135393616	0	1	0	8744	87845420504.485	0.298416431664748	"open anocracy"
2006	"Nigeria"	1.44e+08	138939478	0	0	0	8744	112248353104.911	0.277794021137164	"open anocracy"
2007	"Nigeria"	-5.96e+08	142614094	0	0	0	8744	145429764861.249	0.295607114389692	"open anocracy"
2008	"Nigeria"	1.772e+09	146417024	0	0	0	8744	166451213395.64	0.144547084666245	"open anocracy"
2009	"Nigeria"	5.17e+09	150347390	0	0	0	8744	208064753766.47	0.250004427855496	"open anocracy"
2010	"Nigeria"	8.1e+07	154402181	0	1	0	8744	169481317540.364	-0.185439559212473	"open anocracy"
2004	"Norway"	2.46e+08	4570106	14	0	1	6260	228752436371.854	0.170578094147798	"full democracy"
2005	"Norway"	1.194e+09	4598214	5	0	1	6260	264357494659.388	0.155648870247027	"full democracy"
2006	"Norway"	6.91e+08	4632364	3	0	1	6260	308722079937.912	0.167820418088338	"full democracy"
2007	"Norway"	9.64e+08	4673070	65	0	1	6260	345424664369.357	0.118885518129531	"full democracy"
2008	"Norway"	1.51e+08	4719648	71	0	1	6260	401082621082.621	0.161129075177301	"full democracy"
2009	"Norway"	1.41e+08	4771409	119	0	1	6260	462554432624.114	0.1532647098385	"full democracy"
2010	"Norway"	3.455e+09	4827180	107	0	1	6260	386622457579.95	-0.164157923238126	"full democracy"
2004	"Oman"	0	2385255	4	0	0	11655	21633810143.0429	0.0740229053958059	"autocracy"
2005	"Oman"	0	2444751	13	0	0	11655	24763589076.723	0.144670722031209	"autocracy"
2006	"Oman"	0	2511269	148	0	0	11655	31081924577.3732	0.255146193916989	"autocracy"
2007	"Oman"	0	2582991	284	0	0	11655	37215864759.4278	0.197347502301062	"autocracy"
2008	"Oman"	0	2662762	16	0	0	11655	42085305591.6775	0.130843146161641	"autocracy"
2009	"Oman"	0	2759014	71	0	0	11655	60905331599.4798	0.447187581109641	"autocracy"
2010	"Oman"	0	2882942	2	0	0	11655	48388296488.9467	-0.205516245980672	"autocracy"
2004	"Pakistan"	1.08e+08	147703401	24	0	1	11431	83244801092.7096	0.151271769890286	"closed anocracy"
2005	"Pakistan"	2.75e+08	150780300	74	1	1	11431	97977766197.6724	0.17698360632221	"closed anocracy"
2006	"Pakistan"	1.61e+08	153909667	171	0	1	11431	109502102510.883	0.117621954045778	"closed anocracy"
2007	"Pakistan"	0	157093993	109	1	1	11431	137264061106.043	0.25352900043541	"closed anocracy"
2008	"Pakistan"	0	160332974	395	1	1	11431	152385716311.916	0.110164707965261	"open anocracy"
2009	"Pakistan"	1.42e+08	163644603	303	1	1	11431	170077814106.305	0.116100762083077	"open anocracy"
2010	"Pakistan"	0	167049580	146	1	1	11431	168152775283.032	-0.0113185769313201	"open anocracy"
2004	"Panama"	-7.1e+07	3209174	0	0	1	3325	13693981200	0.0538443963905926	"democracy"
2005	"Panama"	1.06e+08	3269541	0	0	1	3325	15013381700	0.0963489346691961	"democracy"
2006	"Panama"	2.14e+08	3330465	0	0	1	3325	16374393900	0.0906532736725131	"democracy"
2007	"Panama"	1.218e+09	3391905	0	0	1	3325	18141666300	0.107929026918059	"democracy"
2008	"Panama"	8.45e+08	3453807	0	0	1	3325	21295984200	0.173871454134288	"democracy"
2009	"Panama"	8.09e+08	3516268	0	0	1	3325	25155888600	0.181250341085433	"democracy"
2010	"Panama"	-7.59e+08	3579385	5	0	1	3325	27116635600	0.0779438576461179	"democracy"
2004	"Papua New Guinea"	3e+06	6010724	0	0	0	14497	3536411824.2958	0.178996101998939	"open anocracy"
2005	"Papua New Guinea"	-2.7e+07	6161517	0	0	0	14497	3927157866.96465	0.110492233959957	"open anocracy"
2006	"Papua New Guinea"	2.6e+07	6314709	0	0	0	14497	4865892972.27595	0.239036763255168	"open anocracy"
2007	"Papua New Guinea"	5.4e+07	6470272	0	0	0	14497	8306343442.27435	0.707054283684579	"open anocracy"
2008	"Papua New Guinea"	0	6627922	0	0	0	14497	9545071324.99241	0.149130347345581	"open anocracy"
2009	"Papua New Guinea"	0	6787187	0	0	0	14497	11670678863.7458	0.222691634916105	"open anocracy"
2010	"Papua New Guinea"	0	6947447	0	0	0	14497	11619541940.4014	-0.00438165799448513	"open anocracy"
2004	"Paraguay"	-9e+06	5607950	0	0	1	7383	6588103836.34739	0.0415724533189238	"democracy"
2005	"Paraguay"	-3e+06	5703740	0	0	1	7383	8033877360.41697	0.219452145865259	"democracy"
2006	"Paraguay"	-6e+06	5795494	0	0	1	7383	8734653809.49561	0.0872276757087897	"democracy"
2007	"Paraguay"	0	5882796	0	0	1	7383	10646157920.3209	0.218841427778999	"democracy"
2008	"Paraguay"	0	5966159	0	0	1	7383	13794910633.8518	0.295764231293311	"democracy"
2009	"Paraguay"	3e+07	6047117	0	0	1	7383	18504130752.9922	0.341373731525617	"democracy"
2010	"Paraguay"	1.2e+07	6127837	0	0	1	7383	15929902138.1363	-0.139116430229485	"democracy"
2004	"Peru"	4.79e+08	26937738	22	0	1	5651	58731030121.8671	0.0721732964159811	"democracy"
2005	"Peru"	8.99e+08	27273194	47	0	1	5651	66768703497.5687	0.136855651246426	"democracy"
2006	"Peru"	2.29e+08	27610410	25	0	1	5651	76060606060.606	0.139165538288094	"democracy"
2007	"Peru"	6.79e+08	27949944	22	0	1	5651	88643193061.748	0.165428434676369	"democracy"
2008	"Peru"	-5.77e+08	28292724	0	1	1	5651	102170981144.136	0.152609440331923	"democracy"
2009	"Peru"	1.035e+09	28641980	0	1	1	5651	120550599815.441	0.179890791548495	"democracy"
2010	"Peru"	8.05e+08	29001507	2	1	1	5651	120822986521.479	0.00225952178135177	"democracy"
2004	"Philippines"	5.55e+08	83031954	3	1	1	13834	83908206648.013	0.031350492503559	"democracy"
2005	"Philippines"	-1.26e+08	84678493	20	1	1	13834	91371242495.8562	0.0889428596555511	"democracy"
2006	"Philippines"	-1.65e+08	86274237	12	1	1	13834	103071582125.241	0.128052758283498	"democracy"
2007	"Philippines"	-2.274e+09	87809419	13	1	1	13834	122210716310.361	0.185687788918038	"democracy"
2008	"Philippines"	1.9e+07	89293490	13	1	1	13834	149359918060.095	0.222150745608815	"democracy"
2009	"Philippines"	-2.03e+08	90751864	10	1	1	13834	174195136252.934	0.166277663481621	"democracy"
2010	"Philippines"	7.03e+08	92220879	0	1	1	13834	168334601260.243	-0.0336435053168269	"democracy"
2004	"Poland"	1.19e+09	38438826	14	0	1	7197	217513049291.61	0.0947873547060678	"full democracy"
2006	"Poland"	5.9e+08	38396066	5	0	1	7197	255102252843.395	0.172813556125503	"full democracy"
2007	"Poland"	1.612e+09	38341036	346	0	1	7197	344748646558.391	0.126168887777974	"full democracy"
2008	"Poland"	-6.34e+08	38329585	850	0	1	7197	429063549983.742	0.244569207934716	"full democracy"
2009	"Poland"	1.178e+09	38325689	481	0	1	7197	533815789473.684	0.244141548481364	"full democracy"
2010	"Poland"	-1.26e+08	38324870	87	0	1	7197	439796160379.475	-0.176127478707417	"full democracy"
2004	"Portugal"	2.34e+08	10487113	29	0	1	5759	164964195259.594	0.228978588705881	"full democracy"
2005	"Portugal"	4.26e+08	10528268	57	0	1	5759	189187437298.237	0.146839391423844	"full democracy"
2006	"Portugal"	6.02e+08	10565723	33	0	1	5759	197304513120.259	0.0429049409302276	"full democracy"
2007	"Portugal"	1.57e+08	10599951	43	0	1	5759	208566948939.907	0.0570814911506026	"full democracy"
2008	"Portugal"	2.44e+08	10630120	58	0	1	5759	240169336162.059	0.151521549232891	"full democracy"
2009	"Portugal"	-1.12e+08	10652099	88	0	1	5759	262007590449.685	0.0909285699690248	"full democracy"
2010	"Portugal"	2.18e+08	10660616	90	0	1	5759	243745748819.116	-0.0696996663311399	"full democracy"
2004	"Qatar"	1.184e+09	688586	0	0	0	11091	23533791208.7912	0.21535383916917	"autocracy"
2005	"Qatar"	1.034e+09	758855	0	0	0	11091	31734065934.0659	0.34844682068104	"autocracy"
2006	"Qatar"	6.95e+08	864863	0	0	0	11091	44530494505.4945	0.403239490269411	"autocracy"
2007	"Qatar"	2.181e+09	1010382	0	0	0	11091	60882142857.1428	0.367201140100313	"autocracy"
2008	"Qatar"	0	1189633	0	0	0	11091	79712087912.0879	0.309285188912104	"autocracy"
2009	"Qatar"	0	1389342	0	0	0	11091	115270054945.055	0.446079985662688	"autocracy"
2010	"Qatar"	0	1590780	280	0	0	11091	97798351648.3516	-0.151571917832706	"autocracy"
2004	"Romania"	1.31e+08	21728919	0	0	0	8006	59867801204.8193	0.296553868063487	"democracy"
2005	"Romania"	5.5e+07	21591164	0	0	0	8006	76216441462.1442	0.273079016237677	"democracy"
2006	"Romania"	1.1e+07	21431018	14	0	0	8006	99697566667.8107	0.308084774822888	"democracy"
2007	"Romania"	2.54e+08	21243922	3	0	0	8006	123533036667.853	0.239077750808717	"democracy"
2008	"Romania"	1.29e+08	21036111	22	0	0	8006	175933642291.761	0.424182931443668	"democracy"
2009	"Romania"	4.21e+08	20821084	2	0	0	8006	213605065703.283	0.214122909756221	"democracy"
2010	"Romania"	1.48e+08	20617955	32	0	0	8006	172611845341.554	-0.191911274326576	"democracy"
2004	"Russian Federation"	1.731e+09	144584695	0	1	0	7873	430347770731.787	0.246985667436237	"democracy"
2005	"Russian Federation"	2.334e+09	144044607	0	1	0	7873	591016690742.798	0.373346699897622	"democracy"
2006	"Russian Federation"	1.781e+09	143618185	0	1	0	7873	764017107992.392	0.292716635518643	"democracy"
2007	"Russian Federation"	2.628e+09	143322933	0	1	0	7873	989930542278.695	0.295691591095304	"democracy"
2008	"Russian Federation"	2.715e+09	143150142	0	1	0	7873	1299705247685.76	0.312925697487829	"open anocracy"
2009	"Russian Federation"	4.47e+08	143083187	0	1	0	7873	1660844408499.61	0.277862354912308	"open anocracy"
2010	"Russian Federation"	-3.726e+09	143092765	0	1	0	7873	1222643696991.85	-0.263842121071188	"open anocracy"
2005	"Rwanda"	1e+06	8818438	0	0	0	11557	2088961968.93579	0.131493532666313	"closed anocracy"
2006	"Rwanda"	1e+06	8991735	0	0	0	11557	2581313485.68523	0.235691948475379	"closed anocracy"
2007	"Rwanda"	1e+06	9206580	0	0	0	11557	3152324689.24361	0.221209553479244	"closed anocracy"
2008	"Rwanda"	1e+06	9447402	0	0	0	11557	3824788145.27703	0.213323030564715	"closed anocracy"
2009	"Rwanda"	0	9708169	0	0	0	11557	4860093843.14162	0.270683148592954	"closed anocracy"
2010	"Rwanda"	0	9977446	0	1	0	11557	5378925894.62296	0.106753504814212	"closed anocracy"
2004	"Saudi Arabia"	-1.007e+09	22556425	117	0	0	10899	215807655253.333	0.138190489939171	"autocracy"
2005	"Saudi Arabia"	-2.09e+08	23228890	324	0	0	10899	258742133333.333	0.198947891953137	"autocracy"
2006	"Saudi Arabia"	7.68e+08	23905654	153	0	0	10899	328459608764.111	0.269447710477683	"autocracy"
2007	"Saudi Arabia"	5.6e+08	24578301	172	0	0	10899	376900133511.348	0.147477873853358	"autocracy"
2008	"Saudi Arabia"	3.41e+08	25252569	150	0	0	10899	415964509673.115	0.103646490644161	"autocracy"
2009	"Saudi Arabia"	2.636e+09	25940770	248	0	0	10899	519796800000	0.249618147491673	"autocracy"
2010	"Saudi Arabia"	-6.6e+07	26661492	244	0	0	10899	429097866666.667	-0.17448921065565	"autocracy"
2004	"Senegal"	-6e+06	10670990	0	1	0	6400	6858952880.10003	0.285926108075685	"democracy"
2005	"Senegal"	-1.4e+07	10955944	0	0	0	6400	8031344381.09898	0.170928641950643	"democracy"
2006	"Senegal"	1e+06	11251266	0	0	0	6400	8707015771.00113	0.0841293011282493	"democracy"
2007	"Senegal"	-3e+06	11556763	0	0	0	6400	9358710935.43366	0.0748471326539931	"democracy"
2008	"Senegal"	-6e+06	11873557	0	0	0	6400	11284603070.5653	0.205786047717308	"democracy"
2009	"Senegal"	-1.2e+07	12203957	0	0	0	6400	13439023281.4707	0.19091679143992	"democracy"
2010	"Senegal"	-5.3e+07	12550917	0	0	0	6400	12814961485.1001	-0.0464365440330055	"democracy"
2008	"Serbia, Republic of"	1.3e+07	9135214	0	0	0	7635	40289556656.1455	0.316308395439942	"democracy"
2009	"Serbia, Republic of"	8.5e+07	9099552	0	0	0	7635	49259526052.7426	0.222637580084388	"democracy"
2010	"Serbia, Republic of"	0	9064756	0	0	0	7635	42616653299.9115	-0.134854581136622	"democracy"
2004	"Sierra Leone"	-1e+06	5199549	0	0	0	7172	1385810072.19319	0.105693186001466	"open anocracy"
2005	"Sierra Leone"	-1e+06	5439695	0	0	0	7172	1448536630.8917	0.0452634599481865	"open anocracy"
2006	"Sierra Leone"	0	5658379	0	0	0	7172	1650494367.00326	0.139421904703395	"open anocracy"
2007	"Sierra Leone"	0	5848692	0	0	0	7172	1885112201.84486	0.14215003669936	"open anocracy"
2008	"Sierra Leone"	0	6015417	0	0	0	7172	2158496872.86199	0.145023023430426	"democracy"
2009	"Sierra Leone"	0	6165372	0	0	0	7172	2505458705.02354	0.160742337190189	"democracy"
2010	"Sierra Leone"	0	6310260	0	0	0	7172	2453899846.89251	-0.0205786102272022	"democracy"
2004	"Singapore"	0	4249295	51	0	0	15572	97001377568.5914	0.0550371874994746	"closed anocracy"
2005	"Singapore"	3.206e+09	4370040	366	0	0	15572	114188557567.152	0.177184906331946	"closed anocracy"
2006	"Singapore"	8.035e+09	4491042	534	0	0	15572	127417688055.756	0.115853381200863	"closed anocracy"
2007	"Singapore"	1.4003e+10	4611901	34	0	0	15572	147797218201.271	0.159942708555481	"closed anocracy"
2008	"Singapore"	8.572e+09	4732528	11	0	0	15572	179981288567.447	0.217758295845241	"closed anocracy"
2009	"Singapore"	4.88e+09	4851109	28	0	0	15572	192225881687.752	0.0680325894861922	"closed anocracy"
2010	"Singapore"	1.5501e+10	4965518	760	0	0	15572	192408387762.118	0.000949435491014975	"closed anocracy"
2004	"Slovakia"	-1e+07	5399886	0	0	0	7183	46731767494.3567	0.33201144306093	"democracy"
2005	"Slovakia"	-1.39e+08	5399419	0	0	0	7183	57240535137.8197	0.224874174612207	"democracy"
2006	"Slovakia"	1.01e+08	5398963	0	0	0	7183	62697540106.9519	0.0953346252964478	"democracy"
2007	"Slovakia"	1.95e+08	5398541	0	0	0	7183	70596729394.0534	0.125988823064298	"full democracy"
2008	"Slovakia"	1.48e+08	5398326	0	0	0	7183	86304245825.349	0.22249637576863	"full democracy"
2009	"Slovakia"	0	5398856	0	0	0	7183	100324627215.468	0.162452973848953	"full democracy"
2010	"Slovakia"	0	5400719	0	0	0	7183	88945625173.6593	-0.113421822314574	"full democracy"
2004	"Slovenia"	0	1988965	0	0	0	7122	29697448108.2957	0.260311556821748	"full democracy"
2005	"Slovenia"	0	1991430	0	0	0	7122	34470227453.9113	0.160713450132517	"full democracy"
2006	"Slovenia"	-1.56e+08	1996281	0	0	0	7122	36346974008.2079	0.0544454357548386	"full democracy"
2007	"Slovenia"	1.6e+07	2003791	0	0	0	7122	39587732028.6037	0.0891617007694772	"full democracy"
2008	"Slovenia"	2.3e+07	2013539	0	0	0	7122	48114688201.4782	0.215393904523589	"full democracy"
2009	"Slovenia"	0	2024538	0	0	0	7122	55589849128.4605	0.155361308706405	"full democracy"
2010	"Slovenia"	0	2035424	0	0	0	7122	50244793831.6199	-0.0961516424426501	"full democracy"
2007	"Solomon Islands"	0	481422	0	0	0	13473	456705433.996978	0.103393412087736	"democracy"
2008	"Solomon Islands"	0	492940	0	0	0	13473	516074228.959749	0.129993625088253	"democracy"
2009	"Solomon Islands"	0	504477	0	0	0	13473	608293860.271816	0.178694509698642	"democracy"
2010	"Solomon Islands"	0	516079	0	0	0	13473	597765363.128492	-0.0173082416755273	"democracy"
2004	"South Africa"	4.8e+08	47648727	0	0	0	12989	175256916996.047	0.514123356532004	"democracy"
2005	"South Africa"	8.2e+07	48247395	0	0	0	12989	228937347865.858	0.30629564749802	"democracy"
2006	"South Africa"	1.59e+08	48820586	0	0	0	12989	257671413750.825	0.125510608700697	"democracy"
2007	"South Africa"	1e+09	49364582	14	0	0	12989	271811088781.18	0.0548748300190894	"democracy"
2008	"South Africa"	3.06e+08	49887181	30	0	0	12989	299033511000.227	0.100151992845893	"democracy"
2009	"South Africa"	1.088e+09	50412129	11	0	0	12989	287099991516.9	-0.0399069637493502	"democracy"
2010	"South Africa"	4.47e+08	50970818	9	0	0	12989	297216730668.942	0.0352376853046562	"democracy"
2004	"Spain"	2.111e+09	42653406	186	0	1	6105	906853273137.698	0.286050608092105	"full democracy"
2005	"Spain"	3.616e+09	43351668	164	0	1	6105	1069555500372.49	0.179414059643678	"full democracy"
2006	"Spain"	-5.61e+08	44042632	5	0	1	6105	1157276458151.97	0.08201627475052	"full democracy"
2007	"Spain"	8.758e+09	44725532	81	0	1	6105	1264551499184.54	0.092696123106034	"full democracy"
2008	"Spain"	4.749e+09	45393858	22	0	1	6105	1479341637010.68	0.169854796712233	"full democracy"
2009	"Spain"	9.56e+08	45997806	18	0	1	6105	1635015380108.39	0.105231772839357	"full democracy"
2010	"Spain"	1.949e+09	46476072	50	0	1	6105	1499099749930.54	-0.083128043828456	"full democracy"
2004	"Sri Lanka"	-5e+06	19215307	3	1	0	14469	18881765437.2151	0.141821106922437	"open anocracy"
2005	"Sri Lanka"	8e+06	19372538	13	0	0	14469	20662525941.2986	0.094311123078232	"open anocracy"
2006	"Sri Lanka"	1.9e+07	19524558	0	1	0	14469	24405791044.7761	0.181162028016902	"open anocracy"
2007	"Sri Lanka"	8e+06	19670151	0	1	0	14469	28267410542.5164	0.158225541251893	"democracy"
2008	"Sri Lanka"	2.4e+07	19810789	2	1	0	14469	32351184234.3157	0.144469323982011	"democracy"
2009	"Sri Lanka"	-7e+06	19945832	0	1	0	14469	40715240468.9375	0.258539414632922	"democracy"
2010	"Sri Lanka"	7e+06	20075086	0	1	0	14469	42067974595.4411	0.0332242696082228	"open anocracy"
2006	"Sudan"	0	29435944	0	1	0	10577	17646503525.1743	0.192074451975433	"autocracy"
2007	"Sudan"	0	31607064	0	1	0	10577	35822408611.5588	0.35053842775715	"closed anocracy"
2008	"Sudan"	0	32282526	0	1	0	10577	45898948564.0593	0.281291525139075	"closed anocracy"
2009	"Sudan"	0	32955496	0	1	0	10577	54526580231.5568	0.187970137386835	"closed anocracy"
2010	"Sudan"	0	33650619	0	1	0	10577	53150209167.934	-0.0252422040365964	"closed anocracy"
2004	"Suriname"	5.6e+07	488332	0	0	1	4278	1271196078.43137	0.178777420617869	"open anocracy"
2005	"Suriname"	3.5e+07	493630	0	0	1	4278	1484092538.40527	0.167477278750427	"open anocracy"
2006	"Suriname"	-9e+06	498946	0	0	1	4278	1793754804.70037	0.208654284205112	"open anocracy"
2007	"Suriname"	0	504307	0	0	1	4278	2626380435.17877	0.464180292811805	"open anocracy"
2008	"Suriname"	0	509705	0	0	1	4278	2936612021.85792	0.118121343931666	"open anocracy"
2009	"Suriname"	0	515148	0	0	1	4278	3532969034.60838	0.20307654137204	"open anocracy"
2010	"Suriname"	0	520619	0	0	1	4278	3875409836.06557	0.0969272014848408	"open anocracy"
2004	"Sweden"	4.36e+09	8951422	26	0	0	6647	331108912605.271	0.254551033952136	"full democracy"
2005	"Sweden"	8.75e+08	8990639	26	0	0	6647	381705425301.746	0.152809274441951	"full democracy"
2006	"Sweden"	2.616e+09	9038623	58	0	0	6647	389042298376.845	0.0192212962896691	"full democracy"
2007	"Sweden"	2.364e+09	9096264	56	0	0	6647	420032121655.688	0.0796566939074188	"full democracy"
2008	"Sweden"	4.056e+09	9163243	24	0	0	6647	487816328342.309	0.161378626042762	"full democracy"
2009	"Sweden"	-9.708e+09	9236890	9	0	0	6647	513965650650.119	0.0536048524588553	"full democracy"
2010	"Sweden"	-6.757e+09	9313478	2	0	0	6647	429657033107.737	-0.164035509835608	"full democracy"
2004	"Switzerland"	1.2235e+10	7291893	0	0	0	6629	352914820747.011	0.170853146830474	"full democracy"
2005	"Switzerland"	-8.545e+09	7347247	18	0	0	6629	394163688620.828	0.116880520309422	"full democracy"
2006	"Switzerland"	1.1019e+10	7410308	0	0	0	6629	408689353999.357	0.0368518607823923	"full democracy"
2007	"Switzerland"	7.365e+09	7481407	0	0	0	6629	430921192375.18	0.0543978896398118	"full democracy"
2008	"Switzerland"	2.5168e+10	7560358	2	0	0	6629	479913034321.893	0.113690955129583	"full democracy"
2009	"Switzerland"	1.5383e+10	7646113	1	0	0	6629	554363487120.303	0.155133216799596	"full democracy"
2010	"Switzerland"	-3.53e+08	7737161	2	0	0	6629	541506500413.565	-0.0231923404146346	"full democracy"
2004	"Syrian Arab Republic"	0	17415266	0	0	0	9470	21828144686.0394	0.0113934282626665	"autocracy"
2005	"Syrian Arab Republic"	0	17806638	0	0	0	9470	25086930693.0693	0.149292853511005	"autocracy"
2006	"Syrian Arab Republic"	-5.9e+07	18294611	0	0	0	9470	28858965517.2414	0.150358562006718	"autocracy"
2007	"Syrian Arab Republic"	1e+06	18914977	0	0	0	9470	33332844574.7801	0.155025621236002	"autocracy"
2007	"Tajikistan"	-1e+06	7000557	0	0	0	10715	2830236053.84429	0.22398135599988	"closed anocracy"
2008	"Tajikistan"	0	7152385	0	0	0	10715	3719497371.09659	0.3142004060207	"closed anocracy"
2009	"Tajikistan"	0	7309728	0	0	0	10715	5161336170.46084	0.387643451657869	"closed anocracy"
2010	"Tajikistan"	0	7472819	0	0	0	10715	4979481980.35098	-0.035233936349785	"closed anocracy"
2004	"Tanzania, United Republic of"	-3e+06	37149072	0	0	0	12691	11659129888.8021	0.0789895984063244	"closed anocracy"
2005	"Tanzania, United Republic of"	-6e+06	38249984	0	0	0	12691	12825801580.9281	0.100065073745042	"closed anocracy"
2006	"Tanzania, United Republic of"	0	39410545	0	0	0	12691	16929976600.142	0.31999364665962	"closed anocracy"
2007	"Tanzania, United Republic of"	0	40634948	0	0	0	12691	18610460326.5437	0.0992608416474483	"closed anocracy"
2008	"Tanzania, United Republic of"	0	41923715	0	0	0	12691	21501741757.484	0.155357867576039	"closed anocracy"
2009	"Tanzania, United Republic of"	0	43270144	0	0	0	12691	27368386358.131	0.272845087008127	"closed anocracy"
2010	"Tanzania, United Republic of"	0	44664231	0	0	0	12691	28573777052.4542	0.0440431773561646	"closed anocracy"
2004	"Thailand"	6.91e+08	64554952	126	1	0	14227	152280653543.725	0.133877053799042	"democracy"
2005	"Thailand"	7.89e+08	65002231	37	1	0	14227	172895476152.592	0.135373877962428	"democracy"
2006	"Thailand"	6.95e+08	65425470	17	1	0	14227	189318499954.003	0.0949881637557512	"democracy"
2007	"Thailand"	1.198e+09	65824164	5	1	0	14227	221758486880.313	0.171351383695686	"closed anocracy"
2008	"Thailand"	-9.7e+07	66195615	0	1	0	14227	262942650543.771	0.185716290920067	"closed anocracy"
2009	"Thailand"	1.094e+09	66545760	0	1	0	14227	291383081231.82	0.108162105421975	"open anocracy"
2010	"Thailand"	2.643e+09	66881867	4	1	0	14227	281710095724.761	-0.0331967987508627	"open anocracy"
2004	"Togo"	1e+07	5391401	0	0	0	8559	1673690429.61609	0.134989926001525	"closed anocracy"
2005	"Togo"	3e+06	5534598	0	0	0	8559	1937074572.08687	0.157367299119464	"closed anocracy"
2006	"Togo"	-1.3e+07	5683268	0	0	0	8559	2115154262.03025	0.0919322841306669	"closed anocracy"
2007	"Togo"	0	5837792	0	0	0	8559	2202809251.31304	0.0414414167591981	"closed anocracy"
2008	"Togo"	0	5997385	0	0	0	8559	2523462557.38975	0.145565625296687	"closed anocracy"
2009	"Togo"	0	6161796	0	0	0	8559	3163416242.05877	0.253601418731167	"closed anocracy"
2010	"Togo"	0	6330472	0	0	0	8559	3163000528.8167	-0.000131412754522512	"closed anocracy"
2004	"Trinidad and Tobago"	1.12e+08	1284052	0	0	1	3494	11305459802.0683	0.255008468026012	"full democracy"
2005	"Trinidad and Tobago"	-3.4e+07	1290535	0	0	1	3494	13280275123.0354	0.174678018898958	"full democracy"
2006	"Trinidad and Tobago"	0	1296934	0	0	1	3494	15982282462.3786	0.203460192978714	"full democracy"
2007	"Trinidad and Tobago"	0	1303144	0	0	1	3494	18369070085.3888	0.149339597058716	"full democracy"
2008	"Trinidad and Tobago"	1.389e+09	1309260	6	0	1	3494	21642304045.512	0.178192687213209	"full democracy"
2009	"Trinidad and Tobago"	1.024e+09	1315372	0	0	1	3494	27870257894.2347	0.287767597924224	"full democracy"
2010	"Trinidad and Tobago"	6.2e+08	1321618	0	0	1	3494	19175196445.7936	-0.31198353030812	"full democracy"
2004	"Tunisia"	5.9e+07	9939678	1	0	0	7377	27453084982.5378	0.186273256447264	"closed anocracy"
2005	"Tunisia"	2.8e+07	10017601	0	0	0	7377	31183139301.4853	0.135870133404683	"closed anocracy"
2006	"Tunisia"	-4.4e+07	10102482	0	0	0	7377	32273007553.5687	0.0349505622748986	"closed anocracy"
2007	"Tunisia"	1.11e+08	10196136	2	0	0	7377	34378437265.2141	0.0652381005442609	"closed anocracy"
2008	"Tunisia"	7.2e+07	10298087	0	0	0	7377	38908069299.204	0.131757938822112	"closed anocracy"
2009	"Tunisia"	-2.1e+07	10407336	3	0	0	7377	44856586316.0458	0.15288646093173	"closed anocracy"
2010	"Tunisia"	3e+07	10521834	0	0	0	7377	43454935940.1614	-0.0312473705869813	"closed anocracy"
2004	"Turkey"	2.15e+08	66085803	232	1	1	8782	311823003531.215	0.307828100379409	"democracy"
2005	"Turkey"	1.96e+08	67007855	129	1	1	8782	404786740091.196	0.298129822069637	"democracy"
2006	"Turkey"	2.52e+08	67903406	272	1	1	8782	501416301726.704	0.238717210978151	"democracy"
2007	"Turkey"	3.74e+09	68763405	5	1	1	8782	552486912845.642	0.101852713888776	"democracy"
2008	"Turkey"	2.18e+08	69597281	25	1	1	8782	675770112825.236	0.223142299144447	"democracy"
2009	"Turkey"	7.03e+08	70440032	49	1	1	8782	764335657318.479	0.131058688172774	"democracy"
2010	"Turkey"	4.95e+08	71339185	21	1	1	8782	644639902580.645	-0.156601034626283	"democracy"
2004	"Turkmenistan"	-9.8e+07	4655741	0	0	0	10321	5977560877.44013	0.339665997709227	"autocracy"
2005	"Turkmenistan"	1e+06	4703398	0	0	0	10321	6838351088.46688	0.144003587529397	"autocracy"
2006	"Turkmenistan"	1e+06	4754641	0	0	0	10321	8104355716.8784	0.185133025788436	"autocracy"
2007	"Turkmenistan"	1e+06	4810105	0	0	0	10321	10277598152.4249	0.268157335569616	"autocracy"
2008	"Turkmenistan"	1e+06	4870137	0	0	0	10321	12664165103.1895	0.232210572486872	"autocracy"
2009	"Turkmenistan"	-2e+06	4935762	0	0	0	10321	19271523178.8079	0.52173657100809	"autocracy"
2010	"Turkmenistan"	1e+06	5007950	0	0	0	10321	20214385964.9123	0.0489251823717405	"autocracy"
2004	"Uganda"	-4e+06	26624820	0	1	0	11674	6336696288.98214	0.0255937639490664	"closed anocracy"
2005	"Uganda"	1e+06	27568436	0	1	0	11674	7940362799.17997	0.25307611996273	"closed anocracy"
2006	"Uganda"	1e+06	28543940	0	1	0	11674	9013834373.41246	0.135191754001889	"closed anocracy"
2007	"Uganda"	0	29550662	0	1	0	11674	9942597779.99265	0.103037549627016	"closed anocracy"
2008	"Uganda"	0	30590487	0	1	0	11674	12292813603.2327	0.23637844708647	"closed anocracy"
2009	"Uganda"	3e+06	31663896	0	1	0	11674	14239026629.639	0.158321202063496	"closed anocracy"
2010	"Uganda"	6e+06	32771895	0	1	0	11674	18168902153.8798	0.275993270218389	"closed anocracy"
2004	"Ukraine"	4.8e+07	47580559	0	0	0	7858	50132953288.203	0.182579110690148	"democracy"
2005	"Ukraine"	1.34e+08	47215966	0	0	0	7858	64883060725.7003	0.294219798955435	"democracy"
2006	"Ukraine"	1.45e+08	46892163	0	0	0	7858	86142018069.3504	0.327650346729549	"democracy"
2007	"Ukraine"	4.44e+08	46616389	0	0	0	7858	107753069306.931	0.250877001978084	"democracy"
2008	"Ukraine"	-5.3e+07	46386355	0	0	0	7858	142719009900.99	0.324500645958025	"democracy"
2009	"Ukraine"	1e+06	46186430	0	0	0	7858	179992405832.321	0.261166301231974	"democracy"
2010	"Ukraine"	1.45e+08	45994024	0	0	0	7858	117227769791.56	-0.348707134340056	"democracy"
2004	"United Arab Emirates"	1.345e+09	3741932	36	0	0	11339	124346358066.712	0.132313414331767	"autocracy"
2005	"United Arab Emirates"	-6.4e+07	4087931	381	0	0	11339	147824370319.946	0.18881141851085	"autocracy"
2006	"United Arab Emirates"	1.322e+09	4579562	1260	0	0	11339	180617018379.85	0.221835195299183	"autocracy"
2007	"United Arab Emirates"	2.55e+08	5242032	996	0	0	11339	222116541865.214	0.229765300399809	"autocracy"
2008	"United Arab Emirates"	2.86e+08	6044067	472	0	0	11339	257916133424.098	0.161174810566824	"autocracy"
2009	"United Arab Emirates"	3.26e+08	6894278	677	0	0	11339	315474615738.598	0.223167436446696	"autocracy"
2010	"United Arab Emirates"	1.68e+08	7666393	394	0	0	11339	253547358747.447	-0.19629870012256	"autocracy"
2004	"United Kingdom"	4.2359e+10	59580222	439	0	1	5894	2038395102040.82	0.152672226613881	"full democracy"
2005	"United Kingdom"	6.269e+09	59884128	171	0	1	5894	2398555474185.28	0.176688205237479	"full democracy"
2006	"United Kingdom"	3.0535e+10	60286754	15	0	1	5894	2520701818181.82	0.0509249610072202	"full democracy"
2007	"United Kingdom"	2.1978e+10	60802801	109	0	1	5894	2692612695492.18	0.0681996085655064	"full democracy"
2008	"United Kingdom"	2.9615e+10	61414660	302	0	1	5894	3074359743897.56	0.141775699507203	"full democracy"
2009	"United Kingdom"	2.894e+10	62076221	419	0	1	5894	2890564338235.29	-0.0597833113145246	"full democracy"
2010	"United Kingdom"	3.8839e+10	62722607	270	0	1	5894	2382825985355.97	-0.175653710994476	"full democracy"
2004	"Uruguay"	-8.5e+07	3325637	0	0	1	8382	12045631092.5353	-0.114714594231834	"full democracy"
2005	"Uruguay"	8e+06	3324096	0	0	1	8382	13686329890.1191	0.136206960430703	"full democracy"
2006	"Uruguay"	2.5e+07	3325612	0	0	1	8382	17362857683.8545	0.268627734626628	"full democracy"
2007	"Uruguay"	3.8e+07	3331043	0	0	1	8382	19579457966.0538	0.12766333299273	"full democracy"
2008	"Uruguay"	4.6e+07	3339741	0	0	1	8382	23410572634.3147	0.195670108687542	"full democracy"
2009	"Uruguay"	2.7e+07	3350824	0	0	1	8382	30366213119.2928	0.297115350129568	"full democracy"
2010	"Uruguay"	-1.1e+07	3362755	0	0	1	8382	31660911277.0294	0.0426361414461005	"full democracy"
2004	"Uzbekistan"	0	25830659	0	0	0	10458	10128112401.4248	0.0454338945036247	"autocracy"
2005	"Uzbekistan"	0	26160326	0	1	0	10458	12030023547.8807	0.187785351413393	"autocracy"
2006	"Uzbekistan"	0	26512184	0	0	0	10458	14307509838.8053	0.189316860591334	"autocracy"
2007	"Uzbekistan"	0	26890263	0	0	0	10458	17330833852.919	0.211310287267023	"autocracy"
2008	"Uzbekistan"	0	27292375	0	0	0	10458	22311393927.8817	0.287381444957066	"autocracy"
2009	"Uzbekistan"	2e+06	27715825	0	0	0	10458	29549438883.8338	0.324410253314877	"autocracy"
2010	"Uzbekistan"	3e+06	28155306	0	0	0	10458	33689223673.2577	0.140096900171216	"autocracy"
2004	"Venezuela"	-3.89e+08	25868523	15	0	1	3349	83620628582.1082	-0.0998234579778983	"democracy"
2005	"Venezuela"	1.312e+09	26327225	0	0	1	3349	112453382329.615	0.344804317264795	"democracy"
2006	"Venezuela"	5.08e+08	26784161	0	0	1	3349	145510008134.75	0.293958484132046	"democracy"
2007	"Venezuela"	1.044e+09	27239168	0	0	1	3349	183477522123.894	0.260927165600761	"open anocracy"
2008	"Venezuela"	1.115e+09	27691965	0	0	1	3349	230364012575.687	0.255543512409835	"open anocracy"
2009	"Venezuela"	2.782e+09	28141701	0	0	1	3349	315953388510.678	0.371539699183136	"open anocracy"
2010	"Venezuela"	4.7e+08	28587323	0	0	1	3349	329787628928.472	0.0437857004256388	"closed anocracy"
2004	"Yemen"	-2e+07	19462086	0	0	0	11457	11777768086.8693	0.101417896874948	"closed anocracy"
2005	"Yemen"	-9e+07	20017068	0	0	0	11457	13873500887.5612	0.177939723828352	"closed anocracy"
2006	"Yemen"	4.97e+08	20582927	0	0	0	11457	16753769531.6987	0.20760936028194	"closed anocracy"
2007	"Yemen"	3.5e+07	21160534	3	0	0	11457	19081722875.3022	0.138951018706503	"closed anocracy"
2008	"Yemen"	-1.15e+08	21751605	0	0	0	11457	21656517484.2538	0.134935122251681	"closed anocracy"
2009	"Yemen"	0	22356391	5	0	0	11457	26910851361.7555	0.242621367046759	"closed anocracy"
2010	"Yemen"	0	22974929	0	0	0	11457	25130274124.2524	-0.0661657713302069	"closed anocracy"
2004	"Zambia"	-3e+06	11421984	0	0	0	12375	4901839731.26571	0.168817383238636	"open anocracy"
2006	"Zambia"	1.5e+07	11731746	0	0	0	12375	6221077674.77871	0.269131186623345	"open anocracy"
2007	"Zambia"	5e+06	12383446	0	0	0	12375	12756858899.2812	0.531091896572721	"open anocracy"
2008	"Zambia"	-1e+06	12725974	0	0	0	12375	14056957976.2648	0.101913730272336	"open anocracy"
2009	"Zambia"	3e+06	13082517	0	0	0	12375	17910858637.9048	0.274163205733938	"democracy"
2010	"Zambia"	1.8e+07	13456417	0	0	0	12375	15328342303.9575	-0.144187187569105	"democracy"
2005	"Zimbabwe"	0	12633897	0	0	0	12721	5727591800	-0.0968958248700702	"closed anocracy"
2006	"Zimbabwe"	0	12940032	0	0	0	12721	5755215200	-0.00867838188738649	"closed anocracy"
2007	"Zimbabwe"	0	13124267	0	0	0	12721	5443896500	-0.0540933204374356	"closed anocracy"
2008	"Zimbabwe"	0	13329909	0	0	0	12721	5291950100	-0.0279113315251309	"closed anocracy"
2009	"Zimbabwe"	0	13558469	0	0	0	12721	4415702800	-0.165581172052246	"closed anocracy"
2010	"Zimbabwe"	0	13810599	0	0	0	12721	8621573600	0.952480497555225	"open anocracy"
